Rk,Name,Age,Tm,W,L,W-L%,ERA,G,GS,GF,CG,SHO,SV,IP,H,R,ER,HR,BB,IBB,SO,HBP,BK,WP,BF,ERA+,FIP,WHIP,H9,HR9,BB9,SO9,SO/W
2,Yusmeiro Petit\petityu01,34,OAK,5,3,.625,2.71,80,0,6,0,0,0,83.0,57,25,25,11,10,0,71,0,0,2,308,159,3.59,0.807,6.2,1.2,1.1,7.7,7.10
3,Jake Diekman*\diekmja01,32,TOT,1,7,.125,4.65,76,0,5,0,0,0,62.0,49,34,32,3,39,1,84,11,0,6,282,100,3.55,1.419,7.1,0.4,5.7,12.2,2.15
4,Liam Hendriks\hendrli01,30,OAK,4,4,.500,1.80,75,2,41,0,0,25,85.0,61,18,17,5,21,5,124,2,0,7,332,240,1.87,0.965,6.5,0.5,2.2,13.1,5.90
5,Buck Farmer\farmebu01,28,DET,6,6,.500,3.72,73,1,8,0,0,0,67.2,62,32,28,8,24,2,73,5,0,4,288,130,3.88,1.271,8.2,1.1,3.2,9.7,3.04
6,Adam Ottavino\ottavad01,33,NYY,6,5,.545,1.90,73,0,7,0,0,2,66.1,47,17,14,5,40,3,88,2,1,3,283,235,3.44,1.312,6.4,0.7,5.4,11.9,2.20
7,Brandon Workman\workmbr01,30,BOS,10,1,.909,1.88,73,0,30,0,0,16,71.2,29,18,15,1,45,4,104,2,1,4,286,256,2.46,1.033,3.6,0.1,5.7,13.1,2.31
8,Ty Buttrey\buttrty01,26,LAA,6,7,.462,3.98,72,0,6,0,0,2,72.1,69,34,32,8,23,0,84,5,0,6,309,114,3.49,1.272,8.6,1.0,2.9,10.5,3.65
9,Tommy Kahnle\kahnlto01,29,NYY,3,2,.600,3.67,72,0,5,0,0,0,61.1,45,27,25,9,20,0,88,2,0,8,248,122,3.33,1.060,6.6,1.3,2.9,12.9,4.40
10,Hansel Robles\robleha01,28,LAA,5,1,.833,2.48,71,1,51,0,0,23,72.2,58,20,20,6,16,1,75,0,1,4,283,184,2.88,1.018,7.2,0.7,2.0,9.3,4.69
11,Chaz Roe\roech01,32,TBR,1,3,.250,4.06,71,0,11,0,0,1,51.0,49,27,23,3,31,2,65,1,1,3,229,110,3.31,1.569,8.6,0.5,5.5,11.5,2.10
12,Joakim Soria\soriajo01,35,OAK,2,4,.333,4.30,71,1,21,0,0,1,69.0,51,33,33,9,20,1,79,3,1,5,278,100,3.62,1.029,6.7,1.2,2.6,10.3,3.95
13,Matt Barnes\barnema01,29,BOS,5,4,.556,3.78,70,0,14,0,0,4,64.1,51,29,27,8,38,2,110,2,1,13,285,128,3.28,1.383,7.1,1.1,5.3,15.4,2.89
14,Jose Leclerc\leclejo01,25,TEX,2,4,.333,4.33,70,3,40,0,0,14,68.2,52,34,33,7,39,1,100,6,0,7,299,120,3.59,1.325,6.8,0.9,5.1,13.1,2.56
15,Marcus Walden\waldema01,30,BOS,9,2,.818,3.81,70,0,8,0,0,2,78.0,61,38,33,6,32,1,76,5,1,6,327,127,3.69,1.192,7.0,0.7,3.7,8.8,2.38
16,Adam Cimber\cimbead01,28,CLE,6,3,.667,4.45,68,0,12,0,0,1,56.2,56,29,28,6,19,2,41,4,0,0,244,107,4.36,1.324,8.9,1.0,3.0,6.5,2.16
17,Jace Fry*\fryja01,25,CHW,3,4,.429,4.75,68,0,6,0,0,0,55.0,44,33,29,7,43,3,68,3,0,4,251,97,4.90,1.582,7.2,1.1,7.0,11.1,1.58
18,Will Harris\harriwi10,34,HOU,4,1,.800,1.50,68,0,10,0,0,4,60.0,42,14,10,6,14,0,62,0,0,3,229,309,3.15,0.933,6.3,0.9,2.1,9.3,4.43
19,Tim Mayza*\mayzati01,27,TOR,1,3,.250,4.91,68,0,5,0,0,0,51.1,45,29,28,8,27,2,55,1,0,4,227,93,4.73,1.403,7.9,1.4,4.7,9.6,2.04
20,Oliver Perez*\perezol01,37,CLE,2,4,.333,3.98,67,0,4,0,0,1,40.2,38,20,18,5,12,2,48,3,0,1,173,119,3.56,1.230,8.4,1.1,2.7,10.6,4.00
21,Zack Britton*\brittza01,31,NYY,3,1,.750,1.91,66,0,15,0,0,3,61.1,38,13,13,3,32,1,53,1,0,3,245,234,3.74,1.141,5.6,0.4,4.7,7.8,1.66
22,Paul Fry*\frypa01,26,BAL,1,9,.100,5.34,66,0,8,0,0,3,57.1,54,39,34,7,29,1,55,6,0,2,255,89,4.71,1.448,8.5,1.1,4.6,8.6,1.90
23,Cory Gearrin\gearrco01,33,TOT,1,3,.250,4.07,66,2,8,0,0,0,55.1,55,25,25,5,25,1,47,4,1,4,241,109,4.26,1.446,8.9,0.8,4.1,7.6,1.88
24,Joe Jimenez\jimenjo02,24,DET,4,7,.364,4.37,66,0,29,0,0,9,59.2,56,33,29,13,23,1,82,4,1,1,257,110,4.66,1.324,8.4,2.0,3.5,12.4,3.57
25,Roberto Osuna\osunaro01,24,HOU,4,3,.571,2.63,66,0,56,0,0,38,65.0,45,20,19,8,12,0,73,2,0,1,253,176,3.21,0.877,6.2,1.1,1.7,10.1,6.08
26,Emilio Pagan\paganem01,28,TBR,4,2,.667,2.31,66,0,29,0,0,20,70.0,45,19,18,12,13,1,96,1,0,3,267,192,3.30,0.829,5.8,1.5,1.7,12.3,7.38
27,Diego Castillo\castidi01,25,TBR,5,8,.385,3.41,65,6,18,0,0,8,68.2,59,32,26,8,26,4,81,5,0,5,290,131,3.72,1.238,7.7,1.0,3.4,10.6,3.12
28,Miguel Castro\castrmi01,24,BAL,1,3,.250,4.66,65,0,28,0,0,2,73.1,63,42,38,10,41,3,71,0,2,11,319,101,4.73,1.418,7.7,1.2,5.0,8.7,1.73
29,Trevor May\maytr01,29,MIN,5,3,.625,2.94,65,0,13,0,0,2,64.1,43,24,21,8,26,1,79,3,0,3,266,156,3.73,1.073,6.0,1.1,3.6,11.1,3.04
30,Ryan Buchter*\buchtry01,32,OAK,1,1,.500,2.98,64,0,7,0,0,0,45.1,42,16,15,8,23,2,50,2,0,1,198,145,4.96,1.434,8.3,1.6,4.6,9.9,2.17
31,Luis Garcia\garcilu03,32,LAA,2,1,.667,4.35,64,2,18,0,0,1,62.0,61,35,30,13,33,1,57,5,0,7,278,104,5.94,1.516,8.9,1.9,4.8,8.3,1.73
32,Joe Biagini\biagijo01,29,TOT,3,2,.600,4.59,63,0,15,0,0,1,64.2,71,35,33,14,26,3,60,1,0,3,281,100,5.43,1.500,9.9,1.9,3.6,8.4,2.31
33,Ian Kennedy\kenneia01,34,KCR,3,2,.600,3.41,63,0,51,0,0,30,63.1,64,24,24,6,17,1,73,1,0,3,266,139,2.99,1.279,9.1,0.9,2.4,10.4,4.29
34,Ryan Brasier\brasiry01,31,BOS,2,4,.333,4.85,62,0,15,0,0,7,55.2,51,33,30,9,21,1,61,3,0,3,241,100,4.42,1.293,8.2,1.5,3.4,9.9,2.90
35,Alex Colome\colomal01,30,CHW,4,5,.444,2.80,62,0,54,0,0,30,61.0,42,28,19,7,23,2,55,1,0,4,249,164,4.08,1.066,6.2,1.0,3.4,8.1,2.39
36,Hector Rondon\rondohe01,31,HOU,3,2,.600,3.71,62,1,5,0,0,0,60.2,56,25,25,10,20,0,48,4,0,0,257,125,4.96,1.253,8.3,1.5,3.0,7.1,2.40
37,Scott Barlow\barlosc01,26,KCR,3,3,.500,4.22,61,0,7,0,0,1,70.1,64,33,33,6,37,3,92,3,1,5,310,112,3.41,1.436,8.2,0.8,4.7,11.8,2.49
38,Chris Devenski\devench02,28,HOU,2,3,.400,4.83,61,1,19,0,0,0,69.0,69,39,37,13,21,0,72,3,0,2,298,96,4.62,1.304,9.0,1.7,2.7,9.4,3.43
39,Ryne Harper\harpery01,30,MIN,4,2,.667,3.81,61,0,7,0,0,1,54.1,54,25,23,7,10,0,50,1,0,5,225,121,3.66,1.178,8.9,1.2,1.7,8.3,5.00
40,Lou Trivino\trivilo01,27,OAK,4,6,.400,5.25,61,0,10,0,0,0,60.0,61,40,35,7,31,2,57,3,0,7,269,82,4.53,1.533,9.2,1.1,4.7,8.6,1.84
41,Aroldis Chapman*\chapmar01,31,NYY,3,2,.600,2.21,60,0,53,0,0,37,57.0,38,18,14,3,25,0,85,1,0,6,235,202,2.28,1.105,6.0,0.5,3.9,13.4,3.40
42,Brad Hand*\handbr01,29,CLE,6,4,.600,3.30,60,0,54,0,0,34,57.1,53,21,21,6,18,5,84,4,0,0,242,144,2.80,1.238,8.3,0.9,2.8,13.2,4.67
43,Taylor Rogers*\rogerta01,28,MIN,2,4,.333,2.61,60,0,36,0,0,30,69.0,58,20,20,8,11,2,90,6,0,2,278,176,2.85,1.000,7.6,1.0,1.4,11.7,8.18
44,Cam Bedrosian\bedroca01,27,LAA,3,3,.500,3.23,59,7,5,0,0,1,61.1,48,30,22,7,22,0,64,3,0,9,258,141,3.83,1.141,7.0,1.0,3.2,9.4,2.91
45,Colten Brewer\breweco01,26,BOS,1,2,.333,4.12,58,0,8,0,0,0,54.2,59,26,25,6,34,1,52,2,0,9,253,117,4.71,1.701,9.7,1.0,5.6,8.6,1.53
46,Aaron Bummer*\bummeaa01,25,CHW,0,0,,2.13,58,0,5,0,0,1,67.2,43,17,16,4,24,2,60,3,0,4,262,216,3.41,0.990,5.7,0.5,3.2,8.0,2.50
47,Tyler Duffey\duffety01,28,MIN,5,1,.833,2.50,58,0,12,0,0,0,57.2,44,23,16,8,14,1,82,3,1,3,238,184,3.06,1.006,6.9,1.2,2.2,12.8,5.86
48,Mychal Givens\givenmy01,29,BAL,2,6,.250,4.57,58,0,33,0,0,11,63.0,49,35,32,13,26,1,86,2,0,5,260,104,4.50,1.190,7.0,1.9,3.7,12.3,3.31
49,Derek Law\lawde01,28,TOR,1,2,.333,4.90,58,4,18,0,0,5,60.2,61,36,33,8,40,3,67,3,0,7,285,93,4.85,1.665,9.0,1.2,5.9,9.9,1.68
50,Kelvin Herrera\herreke01,29,CHW,3,3,.500,6.14,57,0,16,0,0,1,51.1,60,36,35,8,23,6,53,1,2,8,235,75,4.58,1.617,10.5,1.4,4.0,9.3,2.30
51,Josh Osich*\osichjo01,30,CHW,4,0,1.000,4.66,57,0,14,0,0,0,67.2,62,38,35,15,15,1,61,0,0,3,272,99,4.96,1.138,8.2,2.0,2.0,8.1,4.07
52,Blake Treinen\treinbl01,31,OAK,6,5,.545,4.91,57,0,35,0,0,16,58.2,58,33,32,9,37,1,59,1,0,1,266,88,5.14,1.619,8.9,1.4,5.7,9.1,1.59
53,Kevin McCarthy\mccarke01,27,KCR,4,2,.667,4.48,56,0,14,0,0,1,60.1,68,31,30,4,21,6,38,2,0,2,268,106,3.96,1.475,10.1,0.6,3.1,5.7,1.81
54,Shawn Armstrong\armstsh01,28,TOT,1,1,.500,5.74,55,0,10,0,0,4,58.0,66,38,37,8,29,1,63,4,1,4,271,83,4.54,1.638,10.2,1.2,4.5,9.8,2.17
55,Evan Marshall\marshev01,29,CHW,4,2,.667,2.49,55,0,2,0,0,0,50.2,42,16,14,5,24,2,41,0,0,1,209,185,4.30,1.303,7.5,0.9,4.3,7.3,1.71
56,Ryan Pressly\pressry01,30,HOU,2,3,.400,2.32,55,0,8,0,0,3,54.1,37,15,14,6,12,0,72,0,0,4,211,200,2.66,0.902,6.1,1.0,2.0,11.9,6.00
57,Nick Wittgren\wittgni01,28,CLE,5,1,.833,2.81,55,0,13,0,0,4,57.2,47,22,18,10,15,1,60,0,0,0,231,169,4.17,1.075,7.3,1.6,2.3,9.4,4.00
58,Justin Anderson\anderju01,26,LAA,3,0,1.000,5.55,54,0,7,0,0,1,47.0,42,32,29,6,32,0,60,1,0,4,217,82,4.43,1.574,8.0,1.1,6.1,11.5,1.88
59,Chad Green\greench03,28,NYY,4,4,.500,4.17,54,15,10,0,0,2,69.0,66,35,32,10,19,0,98,6,0,2,295,107,3.34,1.232,8.6,1.3,2.5,12.8,5.16
60,Adam Kolarek*\kolarad01,30,TBR,4,3,.571,3.95,54,0,15,0,0,1,43.1,39,19,19,6,14,4,36,3,0,1,184,113,4.53,1.223,8.1,1.2,2.9,7.5,2.57
61,Richard Bleier*\bleieri01,32,BAL,3,0,1.000,5.37,53,1,13,0,0,4,55.1,65,34,33,6,8,2,30,4,0,1,235,88,4.19,1.319,10.6,1.0,1.3,4.9,3.75
62,Tyler Clippard\clippty01,34,CLE,1,0,1.000,2.90,53,3,7,0,0,0,62.0,38,20,20,8,15,0,64,7,0,3,241,163,3.89,0.855,5.5,1.2,2.2,9.3,4.27
63,Ken Giles\gileske01,28,TOR,2,3,.400,1.87,53,0,44,0,0,23,53.0,36,11,11,5,17,1,83,0,0,2,208,244,2.27,1.000,6.1,0.8,2.9,14.1,4.88
64,Sam Gaviglio\gavigsa01,29,TOR,4,2,.667,4.61,52,0,9,0,0,0,95.2,85,51,49,18,22,0,88,4,1,0,392,98,4.64,1.118,8.0,1.7,2.1,8.3,4.00
65,Josh Taylor*\taylojo02,26,BOS,2,2,.500,3.04,52,1,8,0,0,0,47.1,40,17,16,5,16,1,62,2,0,3,194,159,3.11,1.183,7.6,1.0,3.0,11.8,3.88
66,Brett Martin*\martibr01,24,TEX,2,3,.400,4.76,51,2,7,0,0,0,62.1,72,38,33,7,18,2,62,2,0,3,280,109,3.65,1.444,10.4,1.0,2.6,9.0,3.44
67,Colin Poche*\pocheco01,25,TBR,5,5,.500,4.70,51,0,8,0,0,2,51.2,33,27,27,9,19,1,72,5,0,2,207,95,4.08,1.006,5.7,1.6,3.3,12.5,3.79
68,Noe Ramirez\ramirno01,29,LAA,5,4,.556,3.99,51,7,10,0,0,0,67.2,59,30,30,9,20,1,79,5,0,2,280,114,3.72,1.167,7.8,1.2,2.7,10.5,3.95
69,Oliver Drake\drakeol01,32,TBR,5,2,.714,3.21,50,0,9,0,0,2,56.0,36,20,20,9,19,1,70,1,0,1,219,139,3.87,0.982,5.8,1.4,3.1,11.3,3.68
70,Shawn Kelley\kellesh01,35,TEX,5,2,.714,4.94,50,0,23,0,0,11,47.1,55,27,26,12,11,2,43,2,0,2,205,105,5.52,1.394,10.5,2.3,2.1,8.2,3.91
71,Matt Magill\magilma01,29,TOT,5,2,.714,4.09,50,0,20,0,0,5,50.2,51,31,23,7,20,3,64,2,0,5,229,111,3.79,1.401,9.1,1.2,3.6,11.4,3.20
72,Josh James\jamesjo02,26,HOU,5,1,.833,4.70,49,1,18,0,0,1,61.1,46,34,32,10,35,0,100,4,0,6,266,99,3.98,1.321,6.8,1.5,5.1,14.7,2.86
73,Jesse Chavez\chaveje01,35,TEX,3,5,.375,4.85,48,9,5,0,0,1,78.0,82,48,42,12,22,0,72,5,0,1,337,107,4.41,1.333,9.5,1.4,2.5,8.3,3.27
74,Daniel Stumpf*\stumpda01,28,DET,1,1,.500,4.34,48,0,5,0,0,0,29.0,35,18,14,5,15,1,28,0,0,0,135,112,5.08,1.724,10.9,1.6,4.7,8.7,1.87
75,Victor Alcantara\alcanvi01,26,DET,3,2,.600,4.85,46,0,9,0,0,0,42.2,45,25,23,8,15,0,24,2,0,3,182,100,5.72,1.406,9.5,1.7,3.2,5.1,1.60
76,Tim Hill*\hillti01,29,KCR,2,0,1.000,3.63,46,0,4,0,0,1,39.2,31,17,16,4,13,2,39,4,0,0,161,131,3.84,1.109,7.0,0.9,2.9,8.8,3.00
77,Nick Ramirez*\ramirni01,29,DET,5,4,.556,4.07,46,0,7,0,0,0,79.2,76,45,36,11,35,4,74,1,0,6,348,119,4.51,1.393,8.6,1.2,4.0,8.4,2.11
78,Heath Hembree\hembrhe01,30,BOS,1,0,1.000,3.86,45,0,14,0,0,2,39.2,34,20,17,7,18,2,46,3,0,2,173,125,4.78,1.311,7.7,1.6,4.1,10.4,2.56
79,Daniel Hudson\hudsoda01,32,TOR,6,3,.667,3.00,45,1,11,0,0,2,48.0,38,18,16,5,23,0,48,3,0,1,207,152,4.19,1.271,7.1,0.9,4.3,9.0,2.09
80,Anthony Bass\bassan01,31,SEA,2,4,.333,3.56,44,0,14,0,0,5,48.0,30,20,19,5,17,2,43,1,0,6,189,123,3.90,0.979,5.6,0.9,3.2,8.1,2.53
81,Brandon Brennan\brennbr01,27,SEA,3,6,.333,4.56,44,0,7,0,0,0,47.1,34,25,24,6,24,4,47,0,0,6,196,96,4.40,1.225,6.5,1.1,4.6,8.9,1.96
82,Roenis Elias*\eliasro01,30,SEA,4,2,.667,3.64,44,0,28,0,0,14,47.0,41,28,19,8,17,1,45,1,1,1,203,120,4.66,1.234,7.9,1.5,3.3,8.6,2.65
83,Luis Cessa\cessalu01,27,NYY,2,1,.667,4.11,43,0,14,0,0,1,81.0,75,42,37,14,31,1,75,3,0,1,343,108,4.87,1.309,8.3,1.6,3.4,8.3,2.42
84,Andrew Cashner\cashnan01,32,TOT,11,8,.579,4.68,42,23,3,0,0,1,150.0,144,84,78,19,58,0,108,4,0,8,636,102,4.66,1.347,8.6,1.1,3.5,6.5,1.86
85,Wily Peralta\peralwi01,30,KCR,2,4,.333,5.80,42,0,23,0,0,2,40.1,45,28,26,7,19,1,24,2,0,0,176,82,5.84,1.587,10.0,1.6,4.2,5.4,1.26
86,Ryne Stanek\stanery01,27,TBR,0,2,.000,3.40,41,27,3,0,0,0,55.2,44,24,21,7,20,1,61,0,0,2,228,131,3.73,1.150,7.1,1.1,3.2,9.9,3.05
87,Jose Ruiz\ruizjo01,24,CHW,1,4,.200,5.63,40,1,16,0,0,0,40.0,56,27,25,6,24,2,35,2,0,4,198,82,5.36,2.000,12.6,1.4,5.4,7.9,1.46
88,Nick Goody\goodyni01,27,CLE,3,2,.600,3.54,39,0,6,0,0,0,40.2,30,18,16,7,22,1,50,0,0,0,173,134,4.62,1.279,6.6,1.5,4.9,11.1,2.27
89,Blaine Hardy*\hardybl01,32,DET,1,1,.500,4.47,39,0,3,0,0,0,44.1,38,24,22,10,13,0,29,0,0,3,182,108,5.72,1.150,7.7,2.0,2.6,5.9,2.23
90,Jorge Lopez\lopezjo02,26,KCR,4,9,.308,6.33,39,18,8,0,0,1,123.2,140,94,87,27,42,0,109,10,0,6,548,75,5.55,1.472,10.2,2.0,3.1,7.9,2.60
91,Tyler Olson*\olsonty01,29,CLE,1,1,.500,4.40,39,0,8,0,0,0,30.2,34,15,15,3,16,2,28,2,0,2,140,108,4.42,1.630,10.0,0.9,4.7,8.2,1.75
92,Taylor Cole\coleta01,29,LAA,3,4,.429,5.92,38,6,9,0,0,0,51.2,58,35,34,2,24,4,50,2,0,3,231,77,3.29,1.587,10.1,0.3,4.2,8.7,2.08
93,Shane Greene\greensh02,30,DET,0,2,.000,1.18,38,0,32,0,0,22,38.0,21,11,5,5,12,1,43,1,0,0,151,409,3.69,0.868,5.0,1.2,2.8,10.2,3.58
94,Chris Martin\martich02,33,TEX,0,2,.000,3.08,38,0,15,0,0,4,38.0,35,13,13,8,4,0,43,0,0,0,147,169,4.00,1.026,8.3,1.9,0.9,10.2,10.75
95,Trevor Cahill\cahiltr01,31,LAA,4,9,.308,5.98,37,11,12,0,0,0,102.1,111,71,68,25,39,0,81,6,0,14,455,76,6.13,1.466,9.8,2.2,3.4,7.1,2.08
96,Andrew Kittredge\kittran01,29,TBR,1,0,1.000,4.17,37,7,10,0,0,0,49.2,51,25,23,7,12,0,58,2,0,2,210,107,3.56,1.268,9.2,1.3,2.2,10.5,4.83
97,Thomas Pannone*\pannoth01,25,TOR,3,6,.333,6.16,37,7,8,0,0,0,73.0,73,51,50,13,31,1,69,6,0,6,325,74,5.16,1.425,9.0,1.6,3.8,8.5,2.23
98,Blake Parker\parkebl01,34,MIN,1,2,.333,4.21,37,0,19,0,0,10,36.1,34,18,17,7,16,0,34,2,0,4,157,110,5.33,1.376,8.4,1.7,4.0,8.4,2.13
99,Hunter Wood\woodhu01,25,TOT,1,1,.500,2.98,36,2,9,0,0,1,45.1,46,20,15,7,12,1,39,1,0,5,195,154,4.36,1.279,9.1,1.4,2.4,7.7,3.25
100,Gabriel Ynoa\ynoaga01,26,BAL,1,10,.091,5.61,36,13,3,0,0,0,110.2,126,77,69,29,26,1,67,3,1,4,480,84,6.20,1.373,10.2,2.4,2.1,5.4,2.58
101,Jose Alvarado*\alvarjo03,24,TBR,1,6,.143,4.80,35,1,16,0,0,7,30.0,29,18,16,2,27,3,39,0,0,8,146,93,4.18,1.867,8.7,0.6,8.1,11.7,1.44
102,Jose Cisnero\cisnejo01,30,DET,0,4,.000,4.33,35,0,10,0,0,0,35.1,35,21,17,5,19,3,40,3,0,1,162,112,4.66,1.528,8.9,1.3,4.8,10.2,2.11
103,Collin McHugh\mchugco01,32,HOU,4,5,.444,4.70,35,8,8,0,0,0,74.2,62,41,39,12,30,0,82,3,0,0,317,99,4.43,1.232,7.5,1.4,3.6,9.9,2.73
104,Adrian Sampson\sampsad01,27,TEX,6,8,.429,5.89,35,15,4,1,0,0,125.1,156,86,82,29,36,1,101,9,1,4,563,88,5.69,1.532,11.2,2.1,2.6,7.3,2.81
105,Shane Bieber\biebesh01,24,CLE,15,8,.652,3.28,34,33,1,3,2,0,214.1,186,86,78,31,40,1,259,6,1,6,859,144,3.32,1.054,7.8,1.3,1.7,10.9,6.48
106,Kyle Gibson\gibsoky01,31,MIN,13,7,.650,4.84,34,29,0,0,0,0,160.0,175,99,86,23,56,0,160,7,0,8,706,95,4.26,1.444,9.8,1.3,3.2,9.0,2.86
107,Marco Gonzales*\gonzama02,27,SEA,16,13,.552,3.99,34,34,0,0,0,0,203.0,210,106,90,23,56,1,147,6,1,2,866,109,4.15,1.310,9.3,1.0,2.5,6.5,2.63
108,Jonathan Holder\holdejo02,26,NYY,5,2,.714,6.31,34,1,8,0,0,0,41.1,43,32,29,8,11,1,46,2,0,0,181,71,4.45,1.306,9.4,1.7,2.4,10.0,4.18
109,Branden Kline\klinebr01,27,BAL,1,4,.200,5.93,34,0,8,0,0,0,41.0,44,28,27,9,19,0,34,1,0,3,183,80,5.87,1.537,9.7,2.0,4.2,7.5,1.79
110,Ivan Nova\novaiv01,32,CHW,11,12,.478,4.72,34,34,0,2,0,0,187.0,225,107,98,30,47,1,114,9,0,7,806,97,4.98,1.455,10.8,1.4,2.3,5.5,2.43
111,Eduardo Rodriguez*\rodried05,26,BOS,19,6,.760,3.81,34,34,0,0,0,0,203.1,195,88,86,24,75,2,213,7,0,3,859,126,3.86,1.328,8.6,1.1,3.3,9.4,2.84
112,Justin Shafer\shafeju01,26,TOR,2,1,.667,3.86,34,0,11,0,0,1,39.2,41,19,17,6,25,4,39,1,0,1,182,118,5.18,1.664,9.3,1.4,5.7,8.8,1.56
113,Hector Velazquez\velazhe01,30,BOS,1,4,.200,5.43,34,8,11,0,0,0,56.1,58,40,34,7,28,0,49,3,0,2,247,89,4.74,1.527,9.3,1.1,4.5,7.8,1.75
114,Justin Verlander\verlaju01,36,HOU,21,6,.778,2.58,34,34,0,2,1,0,223.0,137,66,64,36,42,0,300,6,0,4,847,179,3.27,0.803,5.5,1.5,1.7,12.1,7.14
115,Jalen Beeks*\beeksja02,25,TBR,6,3,.667,4.31,33,3,5,0,0,1,104.1,115,56,50,12,40,1,89,9,0,3,464,103,4.41,1.486,9.9,1.0,3.5,7.7,2.23
116,Gerrit Cole\colege01,28,HOU,20,5,.800,2.50,33,33,0,0,0,0,212.1,142,66,59,29,48,0,326,3,3,4,817,185,2.64,0.895,6.0,1.2,2.0,13.8,6.79
117,Nestor Cortes Jr.*\cortene01,24,NYY,5,1,.833,5.67,33,1,7,0,0,0,66.2,75,44,42,16,28,1,69,1,0,1,298,79,5.57,1.545,10.1,2.2,3.8,9.3,2.46
118,Mike Fiers\fiersmi01,34,OAK,15,4,.789,3.90,33,33,0,1,1,0,184.2,166,82,80,30,53,0,126,9,1,13,754,110,4.97,1.186,8.1,1.5,2.6,6.1,2.38
119,Wilmer Font\fontwi01,29,TOT,3,3,.500,4.22,33,14,5,0,0,0,53.1,49,25,25,9,16,1,71,1,0,1,222,108,3.70,1.219,8.3,1.5,2.7,12.0,4.44
120,Reynaldo Lopez\lopezre01,25,CHW,10,15,.400,5.38,33,33,0,1,0,0,184.0,203,119,110,35,65,0,169,8,2,5,809,85,5.04,1.457,9.9,1.7,3.2,8.3,2.60
121,Lance Lynn\lynnla01,32,TEX,16,11,.593,3.67,33,33,0,0,0,0,208.1,195,89,85,21,59,0,246,8,0,18,875,141,3.13,1.219,8.4,0.9,2.5,10.6,4.17
122,Adalberto Mejia*\mejiaad01,26,TOT,0,2,.000,6.35,33,0,4,0,0,0,28.1,25,22,20,4,20,0,28,0,0,1,128,73,5.19,1.588,7.9,1.3,6.4,8.9,1.40
123,Wade Miley*\mileywa01,32,HOU,14,6,.700,3.98,33,33,0,0,0,0,167.1,164,83,74,23,61,0,140,5,2,4,720,116,4.51,1.345,8.8,1.2,3.3,7.5,2.30
124,Charlie Morton\mortoch02,35,TBR,16,6,.727,3.05,33,33,0,0,0,0,194.2,154,71,66,15,57,0,240,12,1,5,790,146,2.81,1.084,7.1,0.7,2.6,11.1,4.21
125,Gregory Soto*\sotogr01,24,DET,0,5,.000,5.77,33,7,9,0,0,0,57.2,74,39,37,9,33,1,45,0,0,5,276,84,5.40,1.855,11.5,1.4,5.2,7.0,1.36
126,Luke Bard\bardlu01,28,LAA,3,3,.500,4.78,32,3,5,0,0,0,49.0,41,27,26,8,13,1,40,5,1,5,199,95,4.81,1.102,7.5,1.5,2.4,7.3,3.08
127,Jose Berrios\berrijo01,25,MIN,14,8,.636,3.68,32,32,0,1,0,0,200.1,194,94,82,26,51,0,195,9,1,8,842,124,3.85,1.223,8.7,1.2,2.3,8.8,3.82
128,Matthew Boyd*\boydma01,28,DET,9,12,.429,4.56,32,32,0,0,0,0,185.1,178,101,94,39,50,1,238,8,4,6,788,105,4.32,1.230,8.6,1.9,2.4,11.6,4.76
129,Ariel Jurado\juradar01,23,TEX,7,11,.389,5.81,32,18,3,1,0,0,122.1,148,94,79,21,36,1,81,4,0,3,541,89,5.10,1.504,10.9,1.5,2.6,6.0,2.25
130,Yusei Kikuchi*\kikucyu01,28,SEA,6,11,.353,5.46,32,32,0,1,1,0,161.2,195,109,98,36,50,0,116,6,1,5,721,80,5.71,1.515,10.9,2.0,2.8,6.5,2.32
131,Mike Minor*\minormi01,31,TEX,14,10,.583,3.59,32,32,0,2,1,0,208.1,190,86,83,30,68,1,200,7,0,2,863,144,4.25,1.238,8.2,1.3,2.9,8.6,2.94
132,Daniel Norris*\norrida01,26,DET,3,13,.188,4.49,32,29,0,0,0,0,144.1,154,75,72,25,38,0,125,4,0,5,610,107,4.61,1.330,9.6,1.6,2.4,7.8,3.29
133,Martin Perez*\perezma02,28,MIN,10,7,.588,5.12,32,29,0,0,0,0,165.1,184,104,94,23,67,1,135,3,1,3,737,90,4.66,1.518,10.0,1.3,3.6,7.3,2.01
134,Rick Porcello\porceri01,30,BOS,14,12,.538,5.52,32,32,0,0,0,0,174.1,198,114,107,31,45,2,143,6,2,5,768,87,4.76,1.394,10.2,1.6,2.3,7.4,3.18
135,Masahiro Tanaka\tanakma01,30,NYY,11,9,.550,4.45,32,31,0,1,1,0,182.0,186,95,90,28,40,0,149,2,0,7,759,100,4.27,1.242,9.2,1.4,2.0,7.4,3.73
136,Trent Thornton\thorntr01,25,TOR,6,9,.400,4.84,32,29,0,0,0,0,154.1,156,87,83,24,61,0,149,5,0,5,677,94,4.59,1.406,9.1,1.4,3.6,8.7,2.44
137,Brett Anderson*\anderbr04,31,OAK,13,9,.591,3.89,31,31,0,0,0,0,176.0,181,80,76,20,49,2,90,4,0,4,743,111,4.57,1.307,9.3,1.0,2.5,4.6,1.84
138,Homer Bailey\baileho02,33,TOT,13,9,.591,4.57,31,31,0,0,0,0,163.1,162,84,83,21,53,1,149,4,1,4,696,99,4.11,1.316,8.9,1.2,2.9,8.2,2.81
139,Jimmy Cordero\cordeji01,27,TOT,1,1,.500,2.89,31,0,7,0,0,0,37.1,26,12,12,4,11,0,31,3,0,1,146,161,4.07,0.991,6.3,1.0,2.7,7.5,2.82
140,J.A. Happ*\happja01,36,NYY,12,8,.600,4.91,31,30,0,0,0,0,161.1,160,88,88,34,49,1,140,5,0,3,678,90,5.22,1.295,8.9,1.9,2.7,7.8,2.86
141,Jakob Junis\junisja01,26,KCR,9,14,.391,5.24,31,31,0,0,0,0,175.1,192,108,102,31,58,1,164,11,0,4,771,90,4.82,1.426,9.9,1.6,3.0,8.4,2.83
142,John Means*\meansjo01,26,BAL,12,11,.522,3.60,31,27,1,0,0,0,155.0,138,68,62,23,38,0,121,5,0,5,637,131,4.41,1.135,8.0,1.3,2.2,7.0,3.18
143,Glenn Sparkman\sparkgl01,27,KCR,4,11,.267,6.02,31,23,2,1,1,0,136.0,164,96,91,30,41,1,81,6,2,6,606,78,5.93,1.507,10.9,2.0,2.7,5.4,1.98
144,Dylan Bundy\bundydy01,26,BAL,7,14,.333,4.79,30,30,0,0,0,0,161.2,161,95,86,29,58,0,162,6,1,7,700,99,4.73,1.355,9.0,1.6,3.2,9.0,2.79
145,Jake Odorizzi\odorija01,29,MIN,15,7,.682,3.51,30,30,0,0,0,0,159.0,139,65,62,16,53,0,178,4,0,4,658,131,3.36,1.208,7.9,0.9,3.0,10.1,3.36
146,Spencer Turnbull\turnbsp01,26,DET,3,17,.150,4.61,30,30,0,0,0,0,148.1,154,86,76,14,59,1,146,16,0,9,656,104,3.99,1.436,9.3,0.8,3.6,8.9,2.47
147,Austin Adams\adamsau02,28,SEA,2,2,.500,3.77,29,2,3,0,0,0,31.0,20,13,13,4,14,0,51,0,0,2,124,116,2.96,1.097,5.8,1.2,4.1,14.8,3.64
148,Brad Boxberger\boxbebr01,31,KCR,1,3,.250,5.40,29,0,9,0,0,1,26.2,25,16,16,3,17,0,27,1,0,1,122,88,4.68,1.575,8.4,1.0,5.7,9.1,1.59
149,Aaron Brooks\brookaa01,29,TOT,6,8,.429,5.65,29,18,8,0,0,0,110.0,118,72,69,21,34,0,82,10,1,4,482,81,5.40,1.382,9.7,1.7,2.8,6.7,2.41
150,Lucas Giolito\giolilu01,24,CHW,14,9,.609,3.41,29,29,0,3,2,0,176.2,131,69,67,24,57,1,228,4,0,6,705,134,3.43,1.064,6.7,1.2,2.9,11.6,4.00
151,Darwinzon Hernandez*\hernada02,22,BOS,0,1,.000,4.45,29,1,2,0,0,0,30.1,27,18,15,1,26,1,57,3,0,4,147,109,2.75,1.747,8.0,0.3,7.7,16.9,2.19
152,Zack Littell\litteza01,23,MIN,6,0,1.000,2.68,29,0,7,0,0,0,37.0,34,12,11,4,9,1,32,0,0,0,146,172,3.62,1.162,8.3,1.0,2.2,7.8,3.56
153,James Paxton*\paxtoja01,30,NYY,15,6,.714,3.82,29,29,0,0,0,0,150.2,138,71,64,23,55,0,186,2,1,7,633,116,3.86,1.281,8.2,1.4,3.3,11.1,3.38
154,Jimmy Yacabonis\yacabji01,27,BAL,1,2,.333,6.80,29,4,6,0,0,0,41.0,51,32,31,9,24,0,33,2,0,4,193,70,6.36,1.829,11.2,2.0,5.3,7.2,1.38
155,Chris Bassitt\bassich01,30,OAK,10,5,.667,3.81,28,25,2,0,0,0,144.0,125,66,61,21,47,0,141,13,0,3,612,113,4.40,1.194,7.8,1.3,2.9,8.8,3.00
156,Buddy Boshers*\boshebu01,31,TOR,0,3,.000,4.05,28,1,6,0,0,0,20.0,20,10,9,3,10,0,26,1,0,2,91,114,4.21,1.500,9.0,1.4,4.5,11.7,2.60
157,Brad Keller\kellebr01,23,KCR,7,14,.333,4.19,28,28,0,0,0,0,165.1,154,80,77,15,70,2,122,9,1,9,709,113,4.35,1.355,8.4,0.8,3.8,6.6,1.74
158,Tanner Scott*\scottta01,24,BAL,1,1,.500,4.78,28,0,5,0,0,0,26.1,28,17,14,4,19,2,37,2,0,2,122,100,4.77,1.785,9.6,1.4,6.5,12.6,1.95
159,Joe Smith\smithjo05,35,HOU,1,0,1.000,1.80,28,0,4,0,0,0,25.0,19,6,5,2,5,0,22,0,0,0,96,260,3.09,0.960,6.8,0.7,1.8,7.9,4.40
160,Ryan Yarbrough*\yarbrry01,27,TBR,11,6,.647,4.13,28,14,1,0,0,0,141.2,121,69,65,15,20,2,117,9,1,0,563,108,3.55,0.995,7.7,1.0,1.3,7.4,5.85
161,Domingo German\germado01,26,NYY,18,4,.818,4.03,27,24,0,0,0,0,143.0,125,69,64,30,39,0,153,5,0,5,594,110,4.72,1.147,7.9,1.9,2.5,9.6,3.92
162,Jake Newberry\newbeja01,24,KCR,1,0,1.000,3.77,27,0,6,0,0,0,31.0,29,13,13,7,16,2,29,1,0,0,137,126,5.92,1.452,8.4,2.0,4.6,8.4,1.81
163,Sergio Romo\romose01,36,MIN,0,1,.000,3.18,27,0,5,0,0,3,22.2,17,9,8,3,4,0,27,2,0,1,93,146,3.35,0.926,6.8,1.2,1.6,10.7,6.75
164,Aaron Sanchez\sanchaa01,26,TOT,5,14,.263,5.89,27,27,0,0,0,0,131.1,145,92,86,20,68,2,115,11,0,7,605,77,5.25,1.622,9.9,1.4,4.7,7.9,1.69
165,Erik Swanson\swanser01,25,SEA,1,5,.167,5.74,27,8,7,0,0,2,58.0,56,41,37,17,12,1,52,2,0,2,245,76,5.96,1.172,8.7,2.6,1.9,8.1,4.33
166,J.B. Wendelken\wendejb01,26,OAK,3,1,.750,3.58,27,0,4,0,0,0,32.2,21,14,13,2,9,2,34,2,0,2,131,121,2.94,0.918,5.8,0.6,2.5,9.4,3.78
167,Yonny Chirinos\chiriyo01,25,TBR,9,5,.643,3.85,26,18,0,0,0,0,133.1,112,61,57,23,28,1,114,3,3,4,530,115,4.44,1.050,7.6,1.6,1.9,7.7,4.07
168,Wade LeBlanc*\leblawa01,34,SEA,6,7,.462,5.71,26,8,4,0,0,0,121.1,145,80,77,28,31,1,92,1,0,0,532,76,5.49,1.451,10.8,2.1,2.3,6.8,2.97
169,Michael Pineda\pinedmi01,30,MIN,11,5,.688,4.01,26,26,0,0,0,0,146.0,141,68,65,23,28,1,140,5,0,8,600,114,4.02,1.158,8.7,1.4,1.7,8.6,5.00
170,Framber Valdez*\valdefr01,25,HOU,4,7,.364,5.86,26,8,7,0,0,0,70.2,74,51,46,9,44,0,68,4,1,4,329,79,4.98,1.670,9.4,1.1,5.6,8.7,1.55
171,Cody Allen\allenco01,30,LAA,0,2,.000,6.26,25,0,13,0,0,4,23.0,24,16,16,9,20,0,29,0,0,3,116,73,8.39,1.913,9.4,3.5,7.8,11.3,1.45
172,A.J. Cole\coleaj01,27,CLE,3,1,.750,3.81,25,0,9,0,0,1,26.0,31,16,11,4,8,0,30,0,0,0,118,125,3.83,1.500,10.7,1.4,2.8,10.4,3.75
173,Richard Lovelady*\lovelri01,23,KCR,0,3,.000,7.65,25,0,5,0,0,0,20.0,30,17,17,2,8,2,17,1,0,1,96,63,4.16,1.900,13.5,0.9,3.6,7.7,2.13
174,Elvis Luciano\luciael01,19,TOR,1,0,1.000,5.35,25,0,9,0,0,0,33.2,36,20,20,4,24,1,27,3,0,4,159,85,5.56,1.782,9.6,1.1,6.4,7.2,1.13
175,David McKay\mckayda02,24,TOT,0,0,,5.47,25,0,11,0,0,0,26.1,20,17,16,3,17,1,34,1,0,2,115,88,4.16,1.405,6.8,1.0,5.8,11.6,2.00
176,Dan Otero\oteroda01,34,CLE,0,0,,4.85,25,0,4,0,0,0,29.2,42,17,16,6,3,0,16,1,0,1,131,98,5.17,1.517,12.7,1.8,0.9,4.9,5.33
177,Evan Phillips\phillev01,24,BAL,0,1,.000,6.43,25,0,2,0,0,0,28.0,32,20,20,2,20,0,40,5,0,2,140,74,3.96,1.857,10.3,0.6,6.4,12.9,2.00
178,Zac Reininger\reiniza01,26,DET,0,3,.000,8.68,25,1,7,0,0,0,28.0,44,28,27,11,16,1,17,0,0,1,140,56,8.82,2.143,14.1,3.5,5.1,5.5,1.06
179,Chris Sale*\salech01,30,BOS,6,11,.353,4.40,25,25,0,1,1,0,147.1,123,80,72,24,37,0,218,13,0,2,612,109,3.39,1.086,7.5,1.5,2.3,13.3,5.89
180,Jeffrey Springs*\sprinje01,26,TEX,4,1,.800,6.40,25,0,7,0,0,0,32.1,38,23,23,4,23,0,32,0,0,0,155,82,4.98,1.887,10.6,1.1,6.4,8.9,1.39
181,Trevor Bauer\bauertr01,28,CLE,9,8,.529,3.79,24,24,0,1,1,0,156.2,127,76,66,22,63,0,185,14,0,8,664,124,4.15,1.213,7.3,1.3,3.6,10.6,2.94
182,Jason Adam\adamja01,27,TOR,3,0,1.000,2.91,23,0,2,0,0,0,21.2,15,8,7,1,10,1,18,3,2,1,91,158,3.95,1.154,6.2,0.4,4.2,7.5,1.80
183,Nick Anderson\anderni01,28,TBR,3,0,1.000,2.11,23,0,0,0,0,0,21.1,12,5,5,3,2,1,41,1,0,2,78,214,1.62,0.656,5.1,1.3,0.8,17.3,20.50
184,Carlos Carrasco\carraca01,32,CLE,6,7,.462,5.29,23,12,3,1,1,1,80.0,92,48,47,18,16,1,96,2,0,2,341,89,4.41,1.350,10.4,2.0,1.8,10.8,6.00
185,Danny Duffy*\duffyda01,30,KCR,7,6,.538,4.34,23,23,0,0,0,0,130.2,125,69,63,21,46,0,115,8,0,4,555,109,4.78,1.309,8.6,1.4,3.2,7.9,2.50
186,Nathan Eovaldi\eovalna01,29,BOS,2,1,.667,5.99,23,12,2,0,0,0,67.2,72,46,45,16,35,0,70,3,0,6,302,81,5.90,1.581,9.6,2.1,4.7,9.3,2.00
187,David Hess\hessda01,25,BAL,1,10,.091,7.09,23,14,5,0,0,0,80.0,94,73,63,28,30,0,68,2,0,1,365,67,7.26,1.550,10.6,3.2,3.4,7.7,2.27
188,Tommy Milone*\milonto01,32,SEA,4,10,.286,4.76,23,6,0,0,0,0,111.2,102,61,59,24,23,2,94,2,0,1,453,92,5.00,1.119,8.2,1.9,1.9,7.6,4.09
189,Mike Morin\morinmi01,28,MIN,0,0,,3.18,23,0,10,0,0,1,22.2,20,11,8,3,2,0,11,2,0,0,92,146,4.49,0.971,7.9,1.2,0.8,4.4,5.50
190,Brad Peacock\peacobr01,31,HOU,7,6,.538,4.12,23,15,1,0,0,0,91.2,78,43,42,15,31,0,96,5,1,1,383,112,4.42,1.189,7.7,1.5,3.0,9.4,3.10
191,CC Sabathia*\sabatc.01,38,NYY,5,8,.385,4.95,23,22,0,0,0,0,107.1,112,64,59,27,39,0,107,3,0,0,468,90,5.66,1.407,9.4,2.3,3.3,9.0,2.74
192,Blake Snell*\snellbl01,26,TBR,6,8,.429,4.29,23,23,0,0,0,0,107.0,96,53,51,14,40,1,147,1,1,11,441,104,3.32,1.271,8.1,1.2,3.4,12.4,3.68
193,Ryan Tepera\teperry01,31,TOR,0,2,.000,4.98,23,1,7,0,0,0,21.2,20,12,12,5,8,2,14,0,0,2,91,92,6.03,1.292,8.3,2.1,3.3,5.8,1.75
194,Sam Tuivailala\tuivasa01,26,SEA,1,0,1.000,2.35,23,2,3,0,0,0,23.0,13,6,6,1,11,0,27,2,0,1,94,188,3.13,1.043,5.1,0.4,4.3,10.6,2.45
195,Matt Wisler\wislema01,26,SEA,1,2,.333,6.04,23,8,2,0,0,0,22.1,22,17,15,5,6,0,29,0,0,0,95,73,4.33,1.254,8.9,2.0,2.4,11.7,4.83
196,Jordan Zimmermann\zimmejo02,33,DET,1,13,.071,6.91,23,23,0,0,0,0,112.0,145,89,86,19,25,2,82,6,0,3,504,70,4.79,1.518,11.7,1.5,2.0,6.6,3.28
197,Trevor Hildenberger\hildetr01,28,MIN,2,2,.500,10.47,22,0,5,0,0,1,16.1,30,19,19,2,7,0,15,3,0,1,88,45,4.81,2.265,16.5,1.1,3.9,8.3,2.14
198,Mike Leake\leakemi01,31,SEA,9,8,.529,4.27,22,22,0,2,1,0,137.0,153,78,65,26,19,1,100,4,0,2,576,102,4.72,1.255,10.1,1.7,1.2,6.6,5.26
199,Juan Minaya\minayju01,28,CHW,0,0,,3.90,22,0,8,0,0,0,27.2,31,13,12,4,12,0,27,2,0,3,126,119,4.66,1.554,10.1,1.3,3.9,8.8,2.25
200,Rafael Montero\montera01,28,TEX,2,0,1.000,2.48,22,0,6,0,0,0,29.0,23,8,8,5,5,0,34,2,1,0,113,210,3.83,0.966,7.1,1.6,1.6,10.6,6.80
201,Felix Pena\penafe01,29,LAA,8,3,.727,4.58,22,7,1,0,0,0,96.1,80,56,49,16,34,0,101,6,0,8,407,99,4.52,1.183,7.5,1.5,3.2,9.4,2.97
202,David Price*\priceda01,33,BOS,7,5,.583,4.28,22,22,0,0,0,0,107.1,109,57,51,15,32,0,128,3,1,3,458,113,3.62,1.314,9.1,1.3,2.7,10.7,4.00
203,Neil Ramirez\ramirne01,30,TOT,0,1,.000,5.40,22,1,3,0,0,0,25.0,26,16,15,7,15,0,24,0,0,1,112,88,6.73,1.640,9.4,2.5,5.4,8.6,1.60
204,Drew VerHagen\verhadr01,28,DET,4,3,.571,5.90,22,4,3,0,0,0,58.0,70,40,38,9,23,1,51,4,0,3,258,82,4.87,1.603,10.9,1.4,3.6,7.9,2.22
205,Emmanuel Clase\claseem01,21,TEX,2,3,.400,2.31,21,1,7,0,0,1,23.1,20,8,6,2,6,0,21,1,0,1,94,226,3.43,1.114,7.7,0.8,2.3,8.1,3.50
206,Mike Clevinger\clevimi01,28,CLE,13,4,.765,2.71,21,21,0,0,0,0,126.0,96,38,38,10,37,0,169,2,0,0,499,174,2.49,1.056,6.9,0.7,2.6,12.1,4.57
207,Peter Fairbanks\fairbpe01,25,TOT,2,3,.400,6.86,21,0,3,0,0,2,21.0,25,20,16,5,10,0,28,0,0,2,99,71,5.07,1.667,10.7,2.1,4.3,12.0,2.80
208,Brian Johnson*\johnsbr02,28,BOS,1,3,.250,6.02,21,7,3,0,0,0,40.1,53,29,27,6,23,3,31,0,0,5,193,80,5.32,1.884,11.8,1.3,5.1,6.9,1.35
209,Zach Plesac\plesaza01,24,CLE,8,6,.571,3.81,21,21,0,1,1,0,115.2,102,52,49,19,40,0,88,3,0,1,475,124,4.94,1.228,7.9,1.5,3.1,6.8,2.20
210,Adam Plutko\plutkad01,27,CLE,7,5,.583,4.86,21,20,0,0,0,0,109.1,115,61,59,22,26,2,78,4,0,0,462,97,5.23,1.290,9.5,1.8,2.1,6.4,3.00
211,Zac Rosscup*\rosscza01,31,TOT,2,0,1.000,4.80,21,0,1,0,0,0,15.0,16,12,8,1,16,1,22,0,0,2,77,95,4.35,2.133,9.6,0.6,9.6,13.2,1.38
212,Marcus Stroman\stromma01,28,TOR,6,11,.353,2.96,21,21,0,0,0,0,124.2,118,50,41,10,35,0,99,0,0,4,513,153,3.51,1.227,8.5,0.7,2.5,7.1,2.83
213,Stephen Tarpley*\tarplst01,26,NYY,1,0,1.000,6.93,21,1,3,0,0,2,24.2,34,20,19,6,15,1,34,2,1,5,120,65,5.69,1.986,12.4,2.2,5.5,12.4,2.27
214,Matt Festa\festama01,26,SEA,0,2,.000,5.64,20,0,10,0,0,0,22.1,20,15,14,5,12,1,21,2,0,1,101,78,6.12,1.433,8.1,2.0,4.8,8.5,1.75
215,Carson Fulmer\fulmeca01,25,CHW,1,2,.333,6.26,20,2,3,0,0,0,27.1,26,22,19,5,20,0,25,3,0,1,133,74,6.29,1.683,8.6,1.6,6.6,8.2,1.25
216,Taylor Guerrieri\guerrta02,26,TEX,0,0,,5.81,20,0,5,0,0,0,26.1,26,19,17,3,22,0,27,2,0,2,123,90,5.38,1.823,8.9,1.0,7.5,9.2,1.23
217,David Hale\haleda02,31,NYY,3,0,1.000,3.11,20,0,10,0,0,2,37.2,39,13,13,2,7,1,23,1,0,2,157,144,3.32,1.221,9.3,0.5,1.7,5.5,3.29
218,Connor Sadzeck\sadzeco01,27,SEA,0,1,.000,2.66,20,0,10,0,0,1,23.2,18,10,7,3,15,1,27,2,0,4,107,165,4.74,1.394,6.8,1.1,5.7,10.3,1.80
219,Wei-Chung Wang*\wangwe01,27,OAK,1,0,1.000,3.33,20,0,5,0,0,0,27.0,22,10,10,4,11,0,16,1,1,0,110,131,5.29,1.222,7.3,1.3,3.7,5.3,1.45
220,Jaime Barria\barrija01,22,LAA,4,10,.286,6.42,19,13,1,0,0,0,82.2,92,61,59,24,27,0,75,2,0,1,365,71,6.23,1.440,10.0,2.6,2.9,8.2,2.78
221,Shelby Miller\millesh01,28,TEX,1,3,.250,8.59,19,8,4,0,0,0,44.0,58,46,42,8,29,1,30,3,0,1,220,61,6.40,1.977,11.9,1.6,5.9,6.1,1.03
222,Jose Suarez*\suarejo01,21,LAA,2,6,.250,7.11,19,15,0,0,0,0,81.0,100,67,64,23,33,1,72,10,1,5,375,64,6.72,1.642,11.1,2.6,3.7,8.0,2.18
223,Mike Wright\wrighmi01,29,TOT,0,1,.000,7.98,19,0,9,0,0,1,29.1,44,30,26,6,12,1,30,2,0,2,147,58,5.26,1.909,13.5,1.8,3.7,9.2,2.50
224,Griffin Canning\cannigr01,23,LAA,5,6,.455,4.58,18,17,1,0,0,0,90.1,80,46,46,14,30,0,96,8,1,9,384,99,4.37,1.218,8.0,1.4,3.0,9.6,3.20
225,Dylan Covey\coveydy01,27,CHW,1,8,.111,7.98,18,12,2,0,0,0,58.2,75,54,52,12,28,2,41,3,0,3,280,58,6.06,1.756,11.5,1.8,4.3,6.3,1.46
226,Ross Detwiler*\detwiro01,33,CHW,3,5,.375,6.59,18,12,2,0,0,0,69.2,86,54,51,20,27,3,46,3,0,1,315,70,6.92,1.622,11.1,2.6,3.5,5.9,1.70
227,Andrew Heaney*\heanean01,28,LAA,4,6,.400,4.91,18,18,0,0,0,0,95.1,93,53,52,20,30,1,118,7,0,4,409,92,4.63,1.290,8.8,1.9,2.8,11.1,3.93
228,Edwin Jackson\jacksed01,35,TOT,3,10,.231,9.58,18,13,0,0,0,0,67.2,105,81,72,23,32,0,52,3,0,6,336,49,7.65,2.025,14.0,3.1,4.3,6.9,1.63
229,Jake Jewell\jewelja01,26,LAA,0,0,,6.84,18,0,7,0,0,0,26.1,28,20,20,8,8,0,23,3,0,0,114,67,6.67,1.367,9.6,2.7,2.7,7.9,2.88
230,Josh Smith\smithjo07,31,BOS,0,3,.000,5.81,18,2,13,0,0,1,31.0,36,22,20,10,8,1,29,3,0,0,139,84,6.60,1.419,10.5,2.9,2.3,8.4,3.63
231,Cody Stashak\stashco01,25,MIN,0,1,.000,3.24,18,1,4,0,0,0,25.0,29,9,9,3,1,0,25,1,0,0,104,143,3.01,1.200,10.4,1.1,0.4,9.0,25.00
232,Ryan Weber\weberry01,28,BOS,2,4,.333,5.09,18,3,8,0,0,0,40.2,48,25,23,5,8,0,29,3,0,2,181,95,4.20,1.377,10.6,1.1,1.8,6.4,3.63
233,Dan Altavilla\altavda01,26,SEA,2,1,.667,5.52,17,0,3,0,0,0,14.2,9,9,9,1,12,1,18,0,0,2,64,80,4.10,1.432,5.5,0.6,7.4,11.0,1.50
234,Miguel Del Pozo*\delpomi01,26,LAA,1,1,.500,10.61,17,0,1,0,0,0,9.1,10,11,11,3,8,0,11,0,0,0,45,44,7.61,1.929,9.6,2.9,7.7,10.6,1.38
235,Taylor Guilbeau*\guilbta01,26,SEA,0,0,,3.65,17,0,1,0,0,0,12.1,10,6,5,2,3,1,7,1,0,0,51,122,5.16,1.054,7.3,1.5,2.2,5.1,2.33
236,Dillon Peters*\peterdi01,26,LAA,4,4,.500,5.38,17,12,1,0,0,0,72.0,85,50,43,18,26,1,55,5,2,1,327,85,6.23,1.542,10.6,2.3,3.3,6.9,2.12
237,David Phelps\phelpda01,32,TOR,0,0,,3.63,17,1,1,0,0,0,17.1,14,7,7,3,7,1,18,1,0,1,71,127,4.77,1.212,7.3,1.6,3.6,9.3,2.57
238,Fernando Rodney\rodnefe01,42,OAK,0,2,.000,9.42,17,0,8,0,0,0,14.1,20,15,15,2,12,0,14,0,0,2,70,47,5.59,2.233,12.6,1.3,7.5,8.8,1.17
239,Jordan Romano\romanjo03,26,TOR,0,2,.000,7.63,17,0,2,0,0,0,15.1,17,14,13,4,9,0,21,4,0,0,75,61,6.41,1.696,10.0,2.3,5.3,12.3,2.33
240,Asher Wojciechowski\wojcias01,30,BAL,4,8,.333,4.92,17,16,0,0,0,0,82.1,80,46,45,17,28,0,80,9,0,3,361,96,5.30,1.312,8.7,1.9,3.1,8.7,2.86
241,Manny Banuelos*\banuema01,28,CHW,3,4,.429,6.93,16,8,4,0,0,0,50.2,60,39,39,12,33,3,44,1,1,2,235,66,6.57,1.836,10.7,2.1,5.9,7.8,1.33
242,Ryan Burr\burrry01,25,CHW,1,1,.500,4.58,16,1,2,0,0,0,19.2,17,13,10,3,8,0,20,0,0,0,86,102,4.38,1.271,7.8,1.4,3.7,9.2,2.50
243,Jeanmar Gomez\gomezje01,31,TEX,1,0,1.000,8.22,16,0,6,0,0,0,15.1,23,15,14,2,6,0,10,1,0,2,73,64,4.97,1.891,13.5,1.2,3.5,5.9,1.67
244,Matt Hall*\hallma02,25,DET,0,1,.000,7.71,16,0,7,0,0,0,23.1,28,20,20,4,15,1,27,1,0,1,113,63,5.19,1.843,10.8,1.5,5.8,10.4,1.80
245,Travis Lakins\lakintr01,25,BOS,0,1,.000,3.86,16,3,4,0,0,0,23.1,23,11,10,1,10,1,18,1,0,1,102,126,3.64,1.414,8.9,0.4,3.9,6.9,1.80
246,Frankie Montas\montafr02,26,OAK,9,2,.818,2.63,16,16,0,0,0,0,96.0,84,35,28,8,23,1,103,4,0,5,394,164,3.00,1.115,7.9,0.8,2.2,9.7,4.48
247,Josh Staumont\staumjo01,25,KCR,0,0,,3.72,16,0,7,0,0,0,19.1,21,13,8,4,10,1,15,1,0,0,88,129,6.06,1.603,9.8,1.9,4.7,7.0,1.50
248,Dillon Tate\tatedi01,25,BAL,0,2,.000,6.43,16,0,5,0,0,0,21.0,18,15,15,3,9,0,20,5,0,2,93,74,5.17,1.286,7.7,1.3,3.9,8.6,2.22
249,Tyler Thornburg\thornty01,30,BOS,0,0,,7.71,16,0,4,0,0,0,18.2,21,16,16,4,10,0,22,1,0,1,86,63,5.41,1.661,10.1,1.9,4.8,10.6,2.20
250,Jacob Waguespack\wagueja01,25,TOR,5,5,.500,4.38,16,13,0,0,0,0,78.0,75,43,38,12,29,0,63,5,0,2,335,104,4.91,1.333,8.7,1.4,3.3,7.3,2.17
251,Austin Adams\adamsau01,32,TOT,0,0,,7.02,15,0,9,0,0,0,16.2,18,13,13,4,13,1,14,0,0,0,80,70,6.99,1.860,9.7,2.2,7.0,7.6,1.08
252,Jacob Barnes\barneja01,29,KCR,0,4,.000,8.31,15,0,3,0,0,0,13.0,14,13,12,4,11,0,10,0,0,2,65,58,8.21,1.923,9.7,2.8,7.6,6.9,0.91
253,Jesse Biddle*\biddlje01,27,TOT,0,0,,10.47,15,0,2,0,0,0,16.1,24,22,19,4,12,0,15,4,0,4,88,46,7.50,2.204,13.2,2.2,6.6,8.3,1.25
254,Felix Hernandez\hernafe02,33,SEA,1,8,.111,6.40,15,15,0,0,0,0,71.2,85,58,51,17,25,0,57,6,0,5,325,68,6.00,1.535,10.7,2.1,3.1,7.2,2.28
255,Jonathan Loaisiga\loaisjo01,24,NYY,2,2,.500,4.55,15,4,3,0,0,0,31.2,31,16,16,6,16,0,37,1,0,1,139,99,4.95,1.484,8.8,1.7,4.5,10.5,2.31
256,Fernando Romero\romerfe01,24,MIN,0,1,.000,7.07,15,0,7,0,0,0,14.0,19,12,11,2,11,1,18,1,0,5,72,66,5.07,2.143,12.2,1.3,7.1,11.6,1.64
257,Tyler Skaggs*\skaggty01,27,LAA,7,7,.500,4.29,15,15,0,0,0,0,79.2,73,41,38,9,28,0,78,2,2,2,335,106,3.85,1.268,8.2,1.0,3.2,8.8,2.79
258,Anthony Swarzak\swarzan01,33,SEA,2,2,.500,5.27,15,0,7,0,0,3,13.2,14,11,8,6,8,1,17,0,0,1,64,85,8.19,1.610,9.2,4.0,5.3,11.2,2.13
259,Kyle Zimmer\zimmeky01,27,KCR,0,1,.000,10.80,15,0,3,0,0,0,18.1,28,22,22,2,19,0,18,0,0,2,102,44,5.78,2.564,13.7,1.0,9.3,8.8,0.95
260,Dylan Cease\ceasedy01,23,CHW,4,7,.364,5.79,14,14,0,0,0,0,73.0,78,51,47,15,35,1,81,2,0,4,326,79,5.19,1.548,9.6,1.8,4.3,10.0,2.31
261,Zac Grotz\grotzza01,26,SEA,1,0,1.000,4.15,14,0,4,0,0,0,17.1,14,9,8,0,8,1,18,1,0,6,73,107,2.69,1.269,7.3,0.0,4.2,9.3,2.25
262,Reggie McClain\mcclare01,26,SEA,1,1,.500,6.00,14,2,6,0,0,0,21.0,22,14,14,2,13,0,11,0,0,1,95,74,5.26,1.667,9.4,0.9,5.6,4.7,0.85
263,Austin Pruitt\pruitau01,29,TBR,3,0,1.000,4.40,14,2,4,0,0,0,47.0,47,23,23,7,12,2,39,0,0,1,193,101,4.26,1.255,9.0,1.3,2.3,7.5,3.25
264,Mike Shawaryn\shawami01,24,BOS,0,0,,9.74,14,0,4,0,0,0,20.1,26,22,22,5,13,0,29,5,0,1,103,50,6.21,1.918,11.5,2.2,5.8,12.8,2.23
265,Dan Straily\straida01,30,BAL,2,4,.333,9.82,14,8,2,0,0,0,47.2,73,53,52,22,22,0,33,2,0,3,236,48,9.34,1.993,13.8,4.2,4.2,6.2,1.50
266,Chance Adams\adamsch01,24,NYY,1,1,.500,8.53,13,0,5,0,0,1,25.1,39,25,24,7,11,0,23,2,1,1,124,53,6.53,1.974,13.9,2.5,3.9,8.2,2.09
267,Tyler Alexander*\alexaty01,24,DET,1,4,.200,4.86,13,8,1,0,0,0,53.2,68,30,29,9,7,0,47,2,0,1,235,99,4.15,1.398,11.4,1.5,1.2,7.9,6.71
268,Kyle Dowdy\dowdyky01,26,TEX,2,1,.667,7.25,13,1,2,0,0,0,22.1,26,20,18,4,18,1,17,1,0,3,110,72,6.57,1.970,10.5,1.6,7.3,6.9,0.94
269,Reed Garrett\garrere01,26,DET,0,0,,8.22,13,0,5,0,0,0,15.1,24,15,14,3,13,0,10,1,0,0,77,60,7.19,2.413,14.1,1.8,7.6,5.9,0.77
270,Nate Jones\jonesna01,33,CHW,0,1,.000,3.48,13,0,5,0,0,1,10.1,10,4,4,2,7,1,10,1,0,2,47,135,6.12,1.645,8.7,1.7,6.1,8.7,1.43
271,Brendan McKay*\mckaybr01,23,TBR,2,4,.333,5.14,13,11,0,0,0,0,49.0,53,32,28,8,16,0,56,0,0,0,216,87,4.03,1.408,9.7,1.5,2.9,10.3,3.50
272,Daniel Mengden\mengdda01,26,OAK,5,2,.714,4.83,13,9,2,0,0,1,59.2,59,32,32,7,27,0,42,0,0,1,260,89,4.69,1.441,8.9,1.1,4.1,6.3,1.56
273,Mike Montgomery*\montgmi01,29,KCR,2,7,.222,4.64,13,13,0,0,0,0,64.0,78,37,33,12,21,0,51,4,0,3,279,102,5.23,1.547,11.0,1.7,3.0,7.2,2.43
274,Bobby Poyner*\poynebo01,26,BOS,0,1,.000,6.94,13,1,2,0,0,0,11.2,10,9,9,2,5,0,11,1,0,0,49,71,5.10,1.286,7.7,1.5,3.9,8.5,2.20
275,John Schreiber\schrejo01,25,DET,2,0,1.000,6.23,13,0,3,0,0,0,13.0,16,9,9,3,4,0,19,1,0,1,59,79,4.44,1.538,11.1,2.1,2.8,13.2,4.75
276,Tayler Scott\scottta02,27,TOT,0,0,,14.33,13,2,6,0,0,0,16.1,31,28,26,6,11,0,14,4,0,2,93,33,9.03,2.571,17.1,3.3,6.1,7.7,1.27
277,Drew Smyly*\smylydr01,30,TEX,1,5,.167,8.42,13,9,1,0,0,1,51.1,64,49,48,19,34,0,52,1,0,5,251,62,8.05,1.909,11.2,3.3,6.0,9.1,1.53
278,Kyle Bird*\birdky01,26,TEX,0,0,,7.82,12,0,5,0,0,1,12.2,11,11,11,5,15,0,10,2,1,2,65,68,10.79,2.053,7.8,3.6,10.7,7.1,0.67
279,Chasen Bradford\bradfch02,29,SEA,0,0,,4.86,12,0,6,0,0,1,16.2,17,9,9,6,4,0,11,0,0,1,69,91,7.29,1.260,9.2,3.2,2.2,5.9,2.75
280,Clay Buchholz\buchhcl01,34,TOR,2,5,.286,6.56,12,12,0,0,0,0,59.0,72,44,43,13,16,1,39,1,0,1,254,69,5.62,1.492,11.0,2.0,2.4,5.9,2.44
281,Sam Dyson\dysonsa01,31,MIN,1,0,1.000,7.15,12,0,0,0,0,0,11.1,14,9,9,3,6,0,8,0,0,1,53,66,6.83,1.765,11.1,2.4,4.8,6.4,1.33
282,Heath Fillmyer\fillmhe01,25,KCR,0,2,.000,8.06,12,3,2,0,0,0,22.1,28,20,20,6,12,0,15,3,0,1,109,59,7.38,1.791,11.3,2.4,4.8,6.0,1.25
283,Tyler Glasnow\glasnty01,25,TBR,6,1,.857,1.78,12,12,0,0,0,0,60.2,40,13,12,4,14,0,76,0,0,2,230,250,2.26,0.890,5.9,0.6,2.1,11.3,5.43
284,Matt Harvey\harvema01,30,LAA,3,5,.375,7.09,12,12,0,0,0,0,59.2,63,48,47,13,29,0,39,3,0,3,266,64,6.35,1.542,9.5,2.0,4.4,5.9,1.34
285,Lewis Thorpe*\thorple01,23,MIN,3,2,.600,6.18,12,2,3,0,0,0,27.2,38,19,19,3,10,0,31,0,0,3,124,75,3.47,1.735,12.4,1.0,3.3,10.1,3.10
286,Matt Carasiti\carasma01,27,SEA,0,1,.000,4.66,11,5,2,0,0,0,9.2,11,6,5,2,5,0,10,0,0,4,43,97,5.39,1.655,10.2,1.9,4.7,9.3,2.00
287,Ryan Dull\dullry01,29,TOT,0,0,,12.79,11,0,6,0,0,0,12.2,25,19,18,5,7,0,15,1,0,1,71,37,7.87,2.526,17.8,3.6,5.0,10.7,2.14
288,Brian Flynn*\flynnbr01,29,KCR,2,2,.500,5.22,11,1,3,0,0,0,29.1,38,18,17,2,17,2,22,3,1,2,139,91,4.65,1.875,11.7,0.6,5.2,6.8,1.29
289,Javy Guerra\guerrja01,33,TOR,0,0,,3.86,11,0,6,0,0,1,14.0,12,6,6,1,5,1,15,1,0,0,59,120,3.29,1.214,7.7,0.6,3.2,9.6,3.00
290,Nick Kingham\kinghni01,27,TOR,3,1,.750,3.00,11,0,2,0,0,0,21.0,24,7,7,4,8,1,14,0,0,2,89,153,5.50,1.524,10.3,1.7,3.4,6.0,1.75
291,Tyler Lyons*\lyonsty01,31,NYY,0,1,.000,4.15,11,0,5,0,0,0,8.2,7,4,4,3,2,1,12,1,0,0,34,111,5.98,1.038,7.3,3.1,2.1,12.5,6.00
292,Keynan Middleton\middlke01,25,LAA,0,0,,1.17,11,0,0,0,0,0,7.2,4,1,1,0,7,0,6,0,0,1,33,402,4.39,1.435,4.7,0.0,8.2,7.0,0.86
293,Hector Santiago*\santihe01,31,CHW,0,1,.000,6.66,11,2,5,0,0,0,25.2,32,20,19,7,17,0,34,0,0,0,125,70,6.10,1.909,11.2,2.5,6.0,11.9,2.00
294,Devin Smeltzer*\smeltde01,23,MIN,2,2,.500,3.86,11,6,2,0,0,1,49.0,50,23,21,8,12,0,38,1,1,1,202,119,4.58,1.265,9.2,1.5,2.2,7.0,3.17
295,Phillips Valdez\valdeph01,27,TEX,0,0,,3.94,11,0,2,0,0,0,16.0,17,7,7,3,9,0,18,2,0,1,75,134,5.46,1.625,9.6,1.7,5.1,10.1,2.00
296,Edinson Volquez\volqued01,35,TEX,0,1,.000,6.75,11,4,1,0,0,0,16.0,20,12,12,3,12,0,10,0,0,3,75,78,6.65,2.000,11.3,1.7,6.8,5.6,0.83
297,Aaron Civale\civalaa01,24,CLE,3,4,.429,2.34,10,10,0,0,0,0,57.2,44,18,15,4,16,0,46,1,0,2,227,202,3.40,1.040,6.9,0.6,2.5,7.2,2.88
298,Tom Eshelman\eshelto01,25,BAL,1,2,.333,6.50,10,4,2,0,0,0,36.0,47,31,26,12,11,1,22,1,0,0,164,73,7.33,1.611,11.8,3.0,2.8,5.5,2.00
299,Ian Gibaut\gibauia01,25,TOT,1,1,.500,5.65,10,0,1,0,0,0,14.1,12,9,9,1,10,1,16,1,0,1,64,93,4.19,1.535,7.5,0.6,6.3,10.0,1.60
300,Brusdar Graterol\gratebr01,20,MIN,1,1,.500,4.66,10,0,4,0,0,0,9.2,10,5,5,1,2,1,10,1,0,2,40,102,3.42,1.241,9.3,0.9,1.9,9.3,5.00
301,Zack Greinke\greinza01,35,HOU,8,1,.889,3.02,10,10,0,0,0,0,62.2,58,25,21,6,9,0,52,1,1,1,248,154,3.28,1.069,8.3,0.9,1.3,7.5,5.78
302,Trevor Kelley\kelletr01,25,BOS,0,3,.000,8.64,10,0,3,0,0,0,8.1,9,8,8,2,5,0,6,0,0,2,40,58,6.69,1.680,9.7,2.2,5.4,6.5,1.20
303,A.J. Puk*\pukaj01,24,OAK,2,0,1.000,3.18,10,0,0,0,0,0,11.1,10,4,4,1,5,0,13,0,0,2,47,139,3.39,1.324,7.9,0.8,4.0,10.3,2.60
304,Clayton Richard*\richacl01,35,TOR,1,5,.167,5.96,10,10,0,0,0,0,45.1,53,33,30,9,18,0,22,4,3,3,201,77,6.28,1.566,10.5,1.8,3.6,4.4,1.22
305,Tanner Roark\roarkta01,32,OAK,4,3,.571,4.58,10,10,0,0,0,0,55.0,61,29,28,14,13,0,50,4,0,3,238,94,5.63,1.345,10.0,2.3,2.1,8.2,3.85
306,Jefry Rodriguez\rodrije01,25,CLE,1,5,.167,4.63,10,8,1,0,0,0,46.2,48,26,24,5,21,1,33,0,1,4,203,102,4.54,1.479,9.3,1.0,4.1,6.4,1.57
307,Trevor Rosenthal\rosentr01,29,DET,0,0,,7.00,10,0,3,0,0,0,9.0,3,8,7,0,11,0,12,1,0,4,42,71,4.55,1.556,3.0,0.0,11.0,12.0,1.09
308,Patrick Sandoval*\sandopa02,22,LAA,0,4,.000,5.03,10,9,0,0,0,0,39.1,35,22,22,6,19,0,42,1,1,4,169,91,4.59,1.373,8.0,1.4,4.3,9.6,2.21
309,Brock Stewart\stewabr01,27,TOR,4,0,1.000,8.31,10,0,0,0,0,0,21.2,28,21,20,9,6,0,16,3,0,1,103,55,8.38,1.569,11.6,3.7,2.5,6.6,2.67
310,Kolby Allard*\allarko01,21,TEX,4,2,.667,4.96,9,9,0,0,0,0,45.1,52,26,25,3,19,0,33,2,0,1,208,105,4.01,1.566,10.3,0.6,3.8,6.6,1.74
311,Ryan Carpenter*\carpery01,28,DET,1,6,.143,9.30,9,9,0,0,0,0,40.2,61,46,42,12,13,0,25,2,2,0,197,52,6.93,1.820,13.5,2.7,2.9,5.5,1.92
312,Randy Dobnak\dobnara01,24,MIN,2,1,.667,1.59,9,5,4,0,0,1,28.1,27,9,5,1,5,0,23,3,1,0,118,291,2.90,1.129,8.6,0.3,1.6,7.3,4.60
313,Jon Edwards\edwarjo02,31,CLE,2,0,1.000,2.25,9,0,3,0,0,0,8.0,5,2,2,2,6,0,5,2,0,0,36,218,8.21,1.375,5.6,2.3,6.8,5.6,0.83
314,Luke Farrell\farrelu01,28,TEX,1,0,1.000,2.70,9,1,3,0,0,0,13.1,6,4,4,3,3,0,12,0,0,0,48,196,5.01,0.675,4.1,2.0,2.0,8.1,4.00
315,Joe Harvey\harvejo01,27,NYY,1,0,1.000,4.50,9,0,4,0,0,0,10.0,11,6,5,1,7,0,11,1,0,0,48,102,4.71,1.800,9.9,0.9,6.3,9.9,1.57
316,Jonathan Hernandez\hernajo02,22,TEX,2,1,.667,4.32,9,2,1,0,0,0,16.2,14,10,8,3,13,0,19,0,0,1,78,122,5.61,1.620,7.6,1.6,7.0,10.3,1.46
317,Josh Lucas\lucasjo02,28,BAL,0,0,,5.74,9,0,4,0,0,1,15.2,14,12,10,2,7,0,16,0,0,0,69,84,4.17,1.340,8.0,1.1,4.0,9.2,2.29
318,Phil Maton\matonph01,26,CLE,0,0,,2.92,9,0,8,0,0,0,12.1,4,5,4,1,6,0,13,1,0,2,48,166,3.86,0.811,2.9,0.7,4.4,9.5,2.17
319,Sean Reid-Foley\reidfse01,23,TOR,2,4,.333,4.26,9,6,0,0,0,0,31.2,33,20,15,5,21,0,28,2,0,3,150,107,5.68,1.705,9.4,1.4,6.0,8.0,1.33
320,Jose Rodriguez\rodrijo07,23,LAA,0,1,.000,2.75,9,1,2,0,0,0,19.2,17,6,6,5,11,0,13,0,0,1,84,168,6.88,1.424,7.8,2.3,5.0,5.9,1.18
321,Casey Sadler\sadleca02,28,TBR,0,0,,1.86,9,0,8,0,0,0,19.1,16,5,4,2,5,0,11,1,0,0,79,242,4.35,1.086,7.4,0.9,2.3,5.1,2.20
322,Gabe Speier*\speiega01,24,KCR,0,0,,7.36,9,0,1,0,0,0,7.1,5,6,6,2,6,0,10,0,0,1,33,67,6.49,1.500,6.1,2.5,7.4,12.3,1.67
323,Kohl Stewart\stewako01,24,MIN,2,2,.500,6.39,9,2,5,0,0,0,25.1,29,18,18,5,8,0,10,1,0,6,109,72,6.06,1.461,10.3,1.8,2.8,3.6,1.25
324,Jose Urquidy\urquijo01,24,HOU,2,1,.667,3.95,9,7,0,0,0,0,41.0,38,18,18,6,7,0,40,0,0,4,167,118,3.68,1.098,8.3,1.3,1.5,8.8,5.71
325,Gerson Bautista\bautige01,24,SEA,0,1,.000,11.00,8,2,3,0,0,0,9.0,13,11,11,2,9,0,7,0,1,2,49,41,7.55,2.444,13.0,2.0,9.0,7.0,0.78
326,Ryan Eades\eadesry01,27,TOT,0,1,.000,2.38,8,0,4,0,0,0,11.1,11,3,3,2,6,0,10,1,0,0,50,207,5.60,1.500,8.7,1.6,4.8,7.9,1.67
327,James Hoyt\hoytja01,32,CLE,0,0,,2.16,8,0,2,0,0,0,8.1,6,2,2,2,2,0,10,0,0,0,32,227,4.65,0.960,6.5,2.2,2.2,10.8,5.00
328,Eduardo Jimenez\jimened01,24,DET,0,0,,5.91,8,0,2,0,0,0,10.2,12,7,7,1,5,0,8,0,0,1,49,84,4.34,1.594,10.1,0.8,4.2,6.8,1.60
329,Justus Sheffield*\sheffju01,23,SEA,0,1,.000,5.50,8,7,0,0,0,0,36.0,44,22,22,5,18,0,37,3,0,3,168,80,4.71,1.722,11.0,1.3,4.5,9.3,2.06
330,Josh Smith*\smithjo08,29,CLE,0,0,,5.40,8,0,3,0,0,0,8.1,8,5,5,0,8,1,12,2,0,0,43,91,3.93,1.920,8.6,0.0,8.6,13.0,1.50
331,Cy Sneed\sneedcy01,26,HOU,0,1,.000,5.48,8,0,4,0,0,0,21.1,26,13,13,5,5,0,23,0,0,0,93,85,4.81,1.453,11.0,2.1,2.1,9.7,4.60
332,Bryan Abreu\abreubr01,22,HOU,0,0,,1.04,7,0,2,0,0,0,8.2,4,1,1,0,3,0,13,0,0,0,32,462,1.25,0.808,4.2,0.0,3.1,13.5,4.33
333,Jake Faria\fariaja01,25,TBR,0,0,,2.70,7,0,1,0,0,0,10.0,10,3,3,2,7,0,11,0,0,0,47,170,5.71,1.700,9.0,1.8,6.3,9.9,1.57
334,Bryan Garcia\garcibr01,24,DET,0,0,,12.15,7,0,1,0,0,0,6.2,9,9,9,1,5,1,7,0,0,1,33,41,5.31,2.100,12.2,1.4,6.8,9.5,1.40
335,Reymin Guduan*\guduare01,27,HOU,1,0,1.000,11.81,7,0,3,0,0,0,5.1,8,7,7,3,4,0,6,0,0,0,27,42,10.53,2.250,13.5,5.1,6.8,10.1,1.50
336,Hunter Harvey\harvehu01,24,BAL,1,0,1.000,1.42,7,0,1,0,0,0,6.1,3,1,1,1,4,0,11,0,0,0,26,348,3.69,1.105,4.3,1.4,5.7,15.6,2.75
337,Corey Kluber\klubeco01,33,CLE,2,3,.400,5.80,7,7,0,0,0,0,35.2,44,26,23,4,15,0,38,3,0,1,168,82,4.06,1.654,11.1,1.0,3.8,9.6,2.53
338,Joe Palumbo*\palumjo01,24,TEX,0,3,.000,9.18,7,4,0,0,0,0,16.2,21,17,17,7,8,0,21,2,0,0,81,57,7.95,1.740,11.3,3.8,4.3,11.3,2.63
339,Trevor Richards\richatr01,26,TBR,3,0,1.000,1.93,7,3,0,0,0,0,23.1,23,7,5,3,5,0,24,0,0,0,97,233,3.47,1.200,8.9,1.2,1.9,9.3,4.80
340,Carlos Rodon*\rodonca01,26,CHW,3,2,.600,5.19,7,7,0,0,0,0,34.2,33,22,20,4,17,0,46,1,0,5,158,89,3.62,1.442,8.6,1.0,4.4,11.9,2.71
341,Tyson Ross\rossty01,32,DET,1,5,.167,6.11,7,7,0,0,0,0,35.1,41,28,24,7,18,0,25,1,0,1,162,79,5.99,1.670,10.4,1.8,4.6,6.4,1.39
342,Locke St. John*\stjohlo01,26,TEX,0,0,,5.40,7,0,4,0,0,0,6.2,7,4,4,0,4,0,5,0,0,0,33,100,3.51,1.650,9.5,0.0,5.4,6.8,1.25
343,Chris Stratton\stratch01,28,LAA,0,2,.000,8.59,7,5,0,0,0,0,29.1,43,28,28,6,18,0,22,0,0,1,144,53,6.21,2.080,13.2,1.8,5.5,6.8,1.22
344,Cole Sulser\sulseco01,29,TBR,0,0,,0.00,7,0,4,0,0,0,7.1,5,0,0,0,3,0,9,0,0,0,29,,1.99,1.091,6.1,0.0,3.7,11.0,3.00
345,Brock Burke*\burkebr01,22,TEX,0,2,.000,7.43,6,6,0,0,0,0,26.2,30,22,22,6,11,0,14,2,0,0,120,70,6.55,1.538,10.1,2.0,3.7,4.7,1.27
346,Jhoulys Chacin\chacijh01,31,BOS,0,2,.000,7.36,6,5,0,0,0,0,14.2,16,12,12,6,7,0,21,0,0,0,67,67,7.10,1.568,9.8,3.7,4.3,12.9,3.00
347,Zack Godley\godleza01,29,TOR,1,0,1.000,3.94,6,0,1,0,0,0,16.0,15,7,7,2,7,0,12,1,0,0,69,117,4.84,1.375,8.4,1.1,3.9,6.8,1.71
348,Jesse Hahn\hahnje01,29,KCR,0,1,.000,13.50,6,0,2,0,0,0,4.2,7,7,7,1,6,1,7,0,0,0,27,37,6.86,2.786,13.5,1.9,11.6,13.5,1.17
349,Ben Heller\hellebe01,27,NYY,0,0,,1.23,6,0,1,0,0,0,7.1,6,1,1,1,3,1,9,0,0,0,28,378,3.76,1.227,7.4,1.2,3.7,11.0,3.00
350,Jesus Luzardo*\luzarje01,21,OAK,0,0,,1.50,6,0,2,0,0,2,12.0,5,2,2,1,3,0,16,1,0,2,46,295,2.63,0.667,3.8,0.8,2.3,12.0,5.33
351,Pedro Payano\payanpe01,24,TEX,1,2,.333,5.73,6,4,0,0,0,0,22.0,26,17,14,3,15,0,17,1,0,1,103,92,5.62,1.864,10.6,1.2,6.1,7.0,1.13
352,Randy Rosario*\rosarra01,25,KCR,1,0,1.000,0.00,6,0,2,0,0,0,3.2,3,1,0,0,0,0,3,0,0,1,14,,1.58,0.818,7.4,0.0,0.0,7.4,
353,Brian Schlitter\schlibr01,33,OAK,0,0,,3.72,6,0,3,0,0,0,9.2,12,4,4,0,4,0,6,0,0,1,41,120,3.21,1.655,11.2,0.0,3.7,5.6,1.50
354,Eric Skoglund*\skogler01,26,KCR,0,3,.000,9.00,6,4,0,0,0,0,21.0,30,21,21,5,9,0,4,1,0,0,101,53,7.36,1.857,12.9,2.1,3.9,1.7,0.44
355,Thyago Vieira\vieirth01,25,CHW,1,0,1.000,9.00,6,0,2,0,0,0,7.0,11,8,7,0,5,0,8,0,0,0,37,53,3.07,2.286,14.1,0.0,6.4,10.3,1.60
356,Art Warren\warrear01,26,SEA,1,0,1.000,0.00,6,0,2,0,0,0,5.1,2,0,0,0,2,0,5,0,0,1,21,,2.46,0.750,3.4,0.0,3.4,8.4,2.50
357,Steven Wright\wrighst01,34,BOS,0,1,.000,8.53,6,0,3,0,0,0,6.1,11,6,6,3,4,0,5,1,0,0,33,59,10.16,2.368,15.6,4.3,5.7,7.1,1.25
358,Cody Anderson\anderco01,28,CLE,0,1,.000,9.35,5,2,2,0,0,0,8.2,12,9,9,1,8,0,9,1,0,3,46,52,5.75,2.308,12.5,1.0,8.3,9.3,1.13
359,Tanner Anderson\anderta01,26,OAK,0,3,.000,6.04,5,5,0,0,0,0,22.1,30,16,15,4,7,1,18,0,0,3,105,72,4.87,1.657,12.1,1.6,2.8,7.3,2.57
360,Rogelio Armenteros\armenro01,25,HOU,1,1,.500,4.00,5,2,2,0,0,1,18.0,17,9,8,1,5,0,18,0,0,0,75,118,2.77,1.222,8.5,0.5,2.5,9.0,3.60
361,Ty Blach*\blachty01,28,BAL,1,3,.250,11.32,5,5,0,0,0,0,20.2,32,27,26,6,13,0,17,0,0,2,103,42,7.23,2.177,13.9,2.6,5.7,7.4,1.31
362,Marco Estrada\estrama01,35,OAK,0,2,.000,6.85,5,5,0,0,0,0,23.2,23,19,18,7,8,0,11,3,0,2,106,64,7.52,1.310,8.7,2.7,3.0,4.2,1.38
363,Caleb Frare*\frareca01,25,CHW,0,0,,10.13,5,0,1,0,0,0,2.2,2,3,3,1,4,0,3,0,0,2,14,51,10.34,2.250,6.8,3.4,13.5,10.1,0.75
364,James Karinchak\karinja01,23,CLE,0,0,,1.69,5,0,4,0,0,0,5.1,3,1,1,0,1,0,8,0,0,2,22,296,0.78,0.750,5.1,0.0,1.7,13.5,8.00
365,Sean Manaea*\manaese01,27,OAK,4,0,1.000,1.21,5,5,0,0,0,0,29.2,16,4,4,3,7,0,30,2,0,1,109,358,3.42,0.775,4.9,0.9,2.1,9.1,4.29
366,Parker Markel\markepa01,28,SEA,0,0,,15.43,5,0,0,0,0,0,4.2,10,9,8,3,4,0,3,1,0,1,28,30,13.50,3.000,19.3,5.8,7.7,5.8,0.75
367,Corbin Martin\martico02,23,HOU,1,1,.500,5.59,5,5,0,0,0,0,19.1,23,14,12,8,12,0,19,0,0,1,92,84,8.49,1.810,10.7,3.7,5.6,8.8,1.58
368,Cionel Perez*\perezci01,23,HOU,1,1,.500,10.00,5,0,3,0,0,0,9.0,11,10,10,3,2,0,7,0,0,0,40,48,6.66,1.444,11.0,3.0,2.0,7.0,3.50
369,JC Ramirez\ramirjc01,30,LAA,0,0,,4.50,5,0,3,0,0,0,8.0,8,4,4,1,1,0,4,1,0,1,34,105,4.59,1.125,9.0,1.1,1.1,4.5,4.00
370,Josh Rogers*\rogerjo01,24,BAL,0,1,.000,8.79,5,0,1,0,0,0,14.1,18,14,14,7,6,0,5,4,0,0,69,55,10.96,1.674,11.3,4.4,3.8,3.1,0.83
371,Chandler Shepherd\shephch01,26,BAL,0,0,,6.63,5,3,1,0,0,0,19.0,23,15,14,5,6,0,17,2,0,2,84,72,6.11,1.526,10.9,2.4,2.8,8.1,2.83
372,Matt Shoemaker\shoemma01,32,TOR,3,0,1.000,1.57,5,5,0,0,0,0,28.2,16,7,5,3,9,0,24,1,0,1,108,292,3.95,0.872,5.0,0.9,2.8,7.5,2.67
373,Jared Walsh*\walshja01,25,LAA,0,0,,1.80,5,0,5,0,0,0,5.0,3,1,1,0,6,0,5,0,0,0,23,268,4.81,1.800,5.4,0.0,10.8,9.0,0.83
374,T.J. Zeuch\zeuchtj01,23,TOR,1,2,.333,4.76,5,3,0,0,0,0,22.2,22,13,12,2,11,0,20,0,0,2,99,96,4.05,1.456,8.7,0.8,4.4,7.9,1.82
375,R.J. Alaniz\alanirj01,28,SEA,0,0,,20.25,4,0,1,0,0,0,4.0,11,10,9,3,3,0,6,0,0,0,25,23,12.21,3.500,24.8,6.8,6.8,13.5,2.00
376,Paul Blackburn\blackpa01,25,OAK,0,2,.000,10.64,4,1,1,0,0,0,11.0,19,14,13,3,4,0,8,1,0,1,57,42,6.67,2.091,15.5,2.5,3.3,6.5,2.00
377,David Carpenter\carpeda01,33,TEX,0,0,,5.40,4,0,2,0,0,0,3.1,4,4,2,0,4,0,2,0,0,0,19,104,5.61,2.400,10.8,0.0,10.8,5.4,0.50
378,Justin Dunn\dunnju01,23,SEA,0,0,,2.70,4,4,0,0,0,0,6.2,2,2,2,0,9,0,5,0,0,0,30,169,5.76,1.650,2.7,0.0,12.2,6.8,0.56
379,Jose Fernandez*\fernajo04,26,DET,0,0,,17.18,4,0,0,0,0,0,3.2,6,8,7,1,5,1,2,1,0,0,23,30,10.58,3.000,14.7,2.5,12.3,4.9,0.40
380,Wei-Chieh Huang\huangwe01,25,TEX,0,0,,3.18,4,0,1,0,0,0,5.2,8,5,2,0,5,0,2,1,0,3,32,171,5.68,2.294,12.7,0.0,7.9,3.2,0.40
381,Nate Karns\karnsna01,31,BAL,0,1,.000,0.00,4,2,1,0,0,0,5.1,7,1,0,0,3,0,5,1,0,1,25,,3.59,1.875,11.8,0.0,5.1,8.4,1.67
382,Hoby Milner*\milneho01,28,TBR,0,0,,7.36,4,0,1,0,0,0,3.2,4,3,3,0,1,0,3,1,0,0,17,66,3.21,1.364,9.8,0.0,2.5,7.4,3.00
383,Sean Poppen\poppese01,25,MIN,0,0,,7.56,4,0,3,0,0,0,8.1,10,7,7,1,5,0,9,0,0,0,36,63,4.41,1.800,10.8,1.1,5.4,9.7,1.80
384,Yefry Ramirez\ramirye01,25,BAL,0,2,.000,6.97,4,1,2,0,0,0,10.1,11,9,8,2,9,0,11,2,0,1,49,70,6.79,1.935,9.6,1.7,7.8,9.6,1.22
385,Hunter Strickland\strichu01,30,SEA,0,1,.000,8.10,4,0,2,0,0,2,3.1,2,3,3,1,0,0,3,1,0,0,13,59,6.21,0.600,5.4,2.7,0.0,8.1,
386,Carlos Torres\torreca01,36,DET,0,0,,7.50,4,0,1,0,0,0,6.0,9,5,5,2,1,0,8,1,0,1,29,67,5.88,1.667,13.5,3.0,1.5,12.0,8.00
387,Tyler White\whitety01,28,HOU,0,0,,21.60,4,0,3,0,0,0,3.1,7,8,8,4,5,0,2,0,0,0,22,24,22.11,3.600,18.9,10.8,13.5,5.4,0.40
388,Stevie Wilkerson\wilkest01,27,BAL,0,0,,6.75,4,0,4,0,0,1,5.1,6,4,4,2,0,0,1,0,0,0,22,74,7.71,1.125,10.1,3.4,0.0,1.7,
389,Anthony Banda*\bandaan01,25,TBR,0,0,,6.75,3,0,1,0,0,0,4.0,6,3,3,0,0,0,2,0,0,0,18,71,2.21,1.500,13.5,0.0,0.0,4.5,
390,Mike Brosseau\brossmi01,25,TBR,0,0,,4.50,3,0,3,0,0,0,4.0,5,2,2,1,0,0,0,1,0,0,18,107,7.21,1.250,11.3,2.3,0.0,0.0,
391,Alex Cobb\cobbal01,31,BAL,0,2,.000,10.95,3,3,0,0,0,0,12.1,21,16,15,9,2,0,8,0,0,0,60,44,11.89,1.865,15.3,6.6,1.5,5.8,4.00
392,Jose De Leon\deleojo03,26,TBR,1,0,1.000,2.25,3,0,1,0,0,0,4.0,3,2,1,0,3,1,7,2,0,1,21,214,3.46,1.500,6.8,0.0,6.8,15.8,2.33
393,Odrisamer Despaigne\despaod01,32,CHW,0,2,.000,9.45,3,3,0,0,0,0,13.1,24,14,14,3,7,0,7,1,0,0,68,50,6.89,2.325,16.2,2.0,4.7,4.7,1.00
394,Anthony Kay*\kayan01,24,TOR,1,0,1.000,5.79,3,2,0,0,0,0,14.0,15,9,9,0,5,0,13,1,0,1,63,80,2.64,1.429,9.6,0.0,3.2,8.4,2.60
395,Yohander Mendez*\mendeyo01,24,TEX,1,0,1.000,5.79,3,0,0,0,0,0,4.2,4,3,3,2,5,0,8,0,0,0,21,95,8.57,1.929,7.7,3.9,9.6,15.4,1.60
396,Tom Murphy\murphto04,28,SEA,0,0,,6.00,3,0,3,0,0,0,3.0,1,2,2,0,1,0,2,0,0,0,11,81,2.88,0.667,3.0,0.0,3.0,6.0,2.00
397,Brady Rodgers\rodgebr01,28,HOU,0,0,,16.20,3,0,2,0,0,0,5.0,7,9,9,4,3,0,4,0,0,1,25,30,13.81,2.000,12.6,7.2,5.4,7.2,1.33
398,Nick Rumbelow\rumbeni01,27,SEA,0,0,,27.00,3,0,1,0,0,1,1.1,3,4,4,2,1,0,2,0,0,1,9,20,21.96,3.000,20.3,13.5,6.8,13.5,2.00
399,Ervin Santana\santaer01,36,CHW,0,2,.000,9.45,3,3,0,0,0,0,13.1,19,14,14,6,6,0,5,0,0,1,64,50,9.66,1.875,12.8,4.1,4.1,3.4,0.83
400,Luis Severino\severlu01,25,NYY,1,1,.500,1.50,3,3,0,0,0,0,12.0,6,2,2,0,6,0,17,1,0,0,48,304,2.13,1.000,4.5,0.0,4.5,12.8,2.83
401,Nick Tropeano\tropeni01,28,LAA,0,1,.000,9.88,3,1,0,0,0,0,13.2,18,15,15,6,6,0,10,2,0,0,66,47,9.21,1.756,11.9,4.0,4.0,6.6,1.67
402,Jorge Alcala\alcaljo01,23,MIN,0,0,,0.00,2,0,2,0,0,0,1.2,1,0,0,0,1,0,1,0,0,0,7,,3.81,1.200,5.4,0.0,5.4,5.4,1.00
403,Jake Barrett\barreja01,27,NYY,0,0,,14.73,2,0,2,0,0,0,3.2,6,6,6,2,2,0,4,0,0,0,19,33,9.76,2.182,14.7,4.9,4.9,9.8,2.00
404,Ryan Borucki*\borucry01,25,TOR,0,1,.000,10.80,2,2,0,0,0,0,6.2,15,10,8,2,6,0,6,0,0,0,40,44,8.01,3.150,20.3,2.7,8.1,8.1,1.00
405,Brandon Dixon\dixonbr01,27,DET,0,0,,9.00,2,0,2,0,0,0,2.0,1,2,2,1,0,0,1,2,0,0,9,62,11.71,0.500,4.5,4.5,0.0,4.5,
406,Ryan Feierabend*\feierry01,33,TOR,0,1,.000,11.12,2,1,1,1,0,0,5.2,11,7,7,2,1,0,4,0,0,1,29,43,6.92,2.118,17.5,3.2,1.6,6.4,4.00
407,Ryan Garton\gartory01,29,SEA,0,0,,12.00,2,0,0,0,0,0,3.0,4,4,4,2,1,0,1,0,0,0,14,40,12.21,1.667,12.0,6.0,3.0,3.0,1.00
408,Alex Gordon\gordoal01,35,KCR,0,0,,19.29,2,0,1,0,0,0,2.1,8,5,5,1,2,0,0,0,0,0,17,28,11.36,4.286,30.9,3.9,7.7,0.0,0.00
409,Luke Maile\mailelu01,28,TOR,0,0,,0.00,2,0,2,0,0,0,2.0,1,0,0,0,0,0,3,1,0,0,8,,1.71,0.500,4.5,0.0,0.0,13.5,
410,Jeff Mathis\mathije01,36,TEX,0,0,,9.00,2,0,2,0,0,0,2.0,3,2,2,1,0,0,1,0,0,0,9,66,8.71,1.500,13.5,4.5,0.0,4.5,
411,Jordan Montgomery*\montgjo01,26,NYY,0,0,,6.75,2,1,0,0,0,0,4.0,7,3,3,1,0,0,5,0,0,0,19,71,3.96,1.750,15.8,2.3,0.0,11.3,
412,Matt Moore*\moorema02,30,DET,0,0,,0.00,2,2,0,0,0,0,10.0,3,0,0,0,1,0,9,0,0,0,33,,1.71,0.400,2.7,0.0,0.9,8.1,9.00
413,Ricardo Pinto\pintori01,25,TBR,0,0,,15.43,2,0,1,0,0,0,2.1,4,4,4,1,2,0,0,0,0,0,13,33,11.36,2.571,15.4,3.9,7.7,0.0,0.00
414,Kevin Plawecki\plaweke01,28,CLE,0,0,,0.00,2,0,2,0,0,0,2.0,0,0,0,0,0,0,0,0,0,0,6,,3.21,0.000,0.0,0.0,0.0,0.0,
415,Matt Wotherspoon\wothema01,27,BAL,0,0,,15.43,2,0,1,0,0,0,4.2,10,8,8,2,2,0,2,1,0,0,26,33,9.86,2.571,19.3,3.9,3.9,3.9,1.00
416,Ehire Adrianza\adriaeh01,29,MIN,0,0,,27.00,1,0,1,0,0,0,1.0,5,3,3,0,0,0,1,0,0,0,8,23,1.21,5.000,45.0,0.0,0.0,9.0,
417,Hanser Alberto\alberha01,26,BAL,0,0,,18.00,1,0,1,0,0,0,1.0,1,2,2,1,2,0,0,1,0,0,7,35,25.21,3.000,9.0,9.0,18.0,0.0,0.00
418,Logan Allen*\allenlo01,22,CLE,0,0,,0.00,1,0,1,0,0,0,2.1,3,0,0,0,0,0,3,0,0,0,9,,0.64,1.286,11.6,0.0,0.0,11.6,
419,Pedro Araujo\araujpe01,25,BAL,0,0,,27.00,1,0,0,0,0,0,0.2,2,2,2,1,1,0,0,0,0,0,4,26,27.21,4.500,27.0,13.5,13.5,0.0,0.00
420,Humberto Arteaga\arteahu01,25,KCR,0,0,,5.40,1,0,1,0,0,0,1.2,2,1,1,1,1,0,0,0,0,0,8,104,12.81,1.800,10.8,5.4,5.4,0.0,0.00
421,Sandy Baez\baezsa01,25,DET,0,0,,9.00,1,0,0,0,0,0,1.0,2,1,1,0,0,0,0,0,0,0,5,70,3.21,2.000,18.0,0.0,0.0,0.0,
422,Dellin Betances\betande01,31,NYY,0,0,,0.00,1,0,0,0,0,0,0.2,0,0,0,0,0,0,2,0,0,0,2,,-2.79,0.000,0.0,0.0,0.0,27.0,
423,John Curtiss\curtijo02,26,LAA,0,0,,3.86,1,0,1,0,0,0,2.1,2,1,1,0,3,0,1,0,0,0,12,134,6.21,2.143,7.7,0.0,11.6,3.9,0.33
424,Chris Davis\davisch02,33,BAL,0,0,,9.00,1,0,1,0,0,0,1.0,2,1,1,1,0,0,1,0,0,0,5,69,14.21,2.000,18.0,9.0,0.0,9.0,
425,Chase De Jong\dejonch01,25,MIN,0,0,,36.00,1,0,1,0,0,0,1.0,3,4,4,1,3,0,0,0,0,0,9,17,25.21,6.000,27.0,9.0,27.0,0.0,0.00
426,Yennsy Diaz\diazye01,22,TOR,0,0,,27.00,1,0,0,0,0,0,0.2,1,2,2,0,4,0,0,0,0,0,7,25,21.21,7.500,13.5,0.0,54.0,0.0,0.00
427,Chris Ellis\ellisch01,26,KCR,0,0,,0.00,1,0,1,0,0,0,1.0,1,0,0,0,1,0,0,0,0,0,5,,6.21,2.000,9.0,0.0,9.0,0.0,0.00
428,Tim Federowicz\federti01,31,TEX,0,0,,9.00,1,0,1,0,0,0,1.0,3,1,1,1,0,0,0,0,0,0,6,75,16.21,3.000,27.0,9.0,0.0,0.0,
429,Mike Ford\fordmi01,26,NYY,0,0,,22.50,1,0,1,0,0,0,2.0,6,5,5,2,0,0,1,0,0,0,12,23,15.21,3.000,27.0,9.0,0.0,4.5,
430,Mike Freeman\freemmi01,31,CLE,0,0,,9.00,1,0,1,0,0,0,2.0,2,2,2,1,0,0,0,0,0,0,8,61,9.71,1.000,9.0,4.5,0.0,0.0,
431,Sam Freeman*\freemsa01,32,LAA,0,0,,4.50,1,0,0,0,0,0,2.0,3,1,1,1,2,0,0,0,0,0,11,118,12.71,2.500,13.5,4.5,9.0,0.0,0.00
432,Sean Gilmartin*\gilmase01,29,BAL,0,1,.000,19.29,1,1,0,0,0,0,2.1,7,5,5,2,2,0,1,0,0,0,16,28,16.07,3.857,27.0,7.7,7.7,3.9,0.50
433,Taylor Hearn*\hearnta01,24,TEX,0,1,.000,108.00,1,1,0,0,0,0,0.1,3,5,4,0,4,0,0,0,0,0,8,9,39.21,21.000,81.0,0.0,108.0,0.0,0.00
434,Mike King\kingmi01,24,NYY,0,0,,0.00,1,0,0,0,0,0,2.0,2,1,0,0,0,0,1,0,0,0,9,,2.21,1.000,9.0,0.0,0.0,4.5,
435,Brady Lail\lailbr01,25,NYY,0,0,,10.13,1,0,0,0,0,0,2.2,2,3,3,1,1,0,2,0,0,0,10,49,7.71,1.125,6.8,3.4,3.4,6.8,2.00
436,Ben Lively\livelbe01,27,KCR,0,0,,27.00,1,0,1,0,0,0,1.0,3,3,3,1,0,0,1,0,0,0,6,23,14.21,3.000,27.0,9.0,0.0,9.0,
437,Joe Mantiply*\mantijo01,28,NYY,1,0,1.000,9.00,1,0,0,0,0,0,3.0,3,3,3,1,2,0,2,0,0,0,14,55,8.21,1.667,9.0,3.0,6.0,6.0,1.00
438,Nick Martini*\martini02,29,OAK,0,0,,0.00,1,0,1,0,0,0,1.0,0,0,0,0,2,0,1,0,0,0,5,,7.21,2.000,0.0,0.0,18.0,9.0,0.50
439,Andrew Moore\moorean02,25,SEA,0,0,,7.71,1,1,0,0,0,0,4.2,6,4,4,2,1,0,2,0,0,0,20,61,8.57,1.500,11.6,3.9,1.9,3.9,2.00
440,Dylan Moore\mooredy01,26,SEA,0,0,,36.00,1,0,1,0,0,0,1.0,5,4,4,0,2,0,0,0,0,0,10,16,9.21,7.000,45.0,0.0,18.0,0.0,0.00
441,Kendrys Morales\moralke01,36,OAK,0,0,,9.00,1,0,1,0,0,0,1.0,1,1,1,0,2,0,0,1,0,0,7,65,12.21,3.000,9.0,0.0,18.0,0.0,0.00
442,Eduardo Nunez\nunezed02,32,BOS,0,0,,9.00,1,0,1,0,0,0,1.0,1,1,1,1,0,0,0,0,0,0,4,70,16.21,1.000,9.0,9.0,0.0,0.0,
443,Luis Ortiz\ortizlu02,23,BAL,0,1,.000,10.80,1,1,0,0,0,0,3.1,4,4,4,2,5,0,3,0,0,0,18,48,13.71,2.700,10.8,5.4,13.5,8.1,0.60
444,Chris Owings\owingch01,27,KCR,0,0,,21.60,1,0,1,0,0,0,1.2,6,4,4,2,1,0,0,0,0,0,12,26,20.61,4.200,32.4,10.8,5.4,0.0,0.00
445,Erasmo Ramirez\ramirer02,29,BOS,0,0,,12.00,1,0,1,0,0,0,3.0,4,4,4,2,1,0,1,1,0,0,15,44,13.21,1.667,12.0,6.0,3.0,3.0,1.00
446,Matt Ramsey\ramsema01,29,LAA,0,0,,0.00,1,0,1,0,0,0,1.0,0,0,0,0,0,0,1,0,0,0,3,,1.21,0.000,0.0,0.0,0.0,9.0,
447,AJ Reed*\reedaj01,26,CHW,0,0,,0.00,1,0,1,0,0,0,1.0,0,0,0,0,0,0,0,0,0,0,3,,3.21,0.000,0.0,0.0,0.0,0.0,
448,Daniel Robertson\roberda10,25,TBR,0,0,,0.00,1,0,1,0,0,0,1.0,1,0,0,0,0,0,0,0,0,0,3,,3.21,1.000,9.0,0.0,0.0,0.0,
449,Austin Romine\rominau01,30,NYY,0,0,,27.00,1,0,1,0,0,0,1.0,4,3,3,2,0,0,0,0,0,0,7,22,29.21,4.000,36.0,18.0,0.0,0.0,
450,Jose Rondon\rondojo02,25,CHW,0,0,,0.00,1,0,1,0,0,0,1.0,2,0,0,0,0,0,0,0,0,0,5,,3.21,2.000,18.0,0.0,0.0,0.0,
451,Adonis Rosa\rosaad01,24,NYY,0,0,,4.50,1,0,1,0,0,0,2.0,1,1,1,1,0,0,2,0,0,0,7,116,7.71,0.500,4.5,4.5,0.0,9.0,
452,Danny Salazar\salazda01,29,CLE,0,1,.000,4.50,1,1,0,0,0,0,4.0,4,2,2,2,3,0,2,0,0,0,17,113,10.96,1.750,9.0,4.5,6.8,4.5,0.67
453,Aaron Slegers\slegeaa01,26,TBR,0,0,,3.00,1,0,1,0,0,1,3.0,3,1,1,1,0,0,0,1,0,0,12,165,8.55,1.000,9.0,3.0,0.0,0.0,
454,Max Stassi\stassma01,28,HOU,0,0,,0.00,1,0,1,0,0,0,0.1,0,0,0,0,0,0,0,0,0,0,1,,3.21,0.000,0.0,0.0,0.0,0.0,
455,Jesus Sucre\sucreje01,31,BAL,0,0,,0.00,1,0,1,0,0,0,1.0,0,0,0,0,0,0,0,0,0,0,3,,3.21,0.000,0.0,0.0,0.0,0.0,
456,Richard Urena\urenari01,23,TOR,0,0,,36.00,1,0,1,0,0,0,1.0,4,4,4,1,1,0,0,0,0,0,8,17,19.21,5.000,36.0,9.0,9.0,0.0,0.00
457,Andrew Vasquez*\vasquan02,25,MIN,0,0,,inf,1,0,0,0,0,0,0.0,0,3,3,0,2,0,0,1,0,0,3,6,,,,,,,0.00
